Duration,rainIntensityIncrement,rainIntensityIncrements,vwcIncrement,controlledLo,controlledHi,controlledRate,surfaceName,runoffToName,cdaName,etTableName,productName,capacity
5,0.0007,8,5,0,70,0.05,two,three,[None],sunny,purpleRoof,0.5

month,minutes,amc,vwc,vwcGroupBy5,vwcRow,capacitySpare,rainIntensity,intensityColumn,rain,uncontrolled,controlled,input,efficiency,absorb,runoff,retPre,hourColumn,monthRow,etRate,etMax,et,ret
1,0,0,0,0,0,0.5,0.0035,5,0.0175,0,0,0.0175,38,0.0066500000000000005,0.010850000000000002,0.0066500000000000005,0,6,0.0,0.0,0,0.0066500000000000005
1,5,0.0066500000000000005,1,0,0,0.49335,0.0035,5,0.0175,0,0,0.0175,38,0.0066500000000000005,0.010850000000000002,0.013300000000000001,0,6,0.0,0.0,0,0.013300000000000001
1,10,0.013300000000000001,2,0,0,0.4867,0.0035,5,0.0175,0,0,0.0175,38,0.0066500000000000005,0.010850000000000002,0.019950000000000002,0,6,0.0,0.0,0,0.019950000000000002
1,15,0.019950000000000002,3,0,0,0.48005,0.0035,5,0.0175,0,0,0.0175,38,0.0066500000000000005,0.010850000000000002,0.026600000000000002,0,6,0.0,0.0,0,0.026600000000000002
1,20,0.026600000000000002,5,5,1,0.4734,0.0035,5,0.0175,0,0,0.0175,42,0.007350000000000001,0.010150000000000001,0.03395,0,6,0.0,0.0,0,0.03395
1,25,0.03395,6,5,1,0.46605,0.0035,5,0.0175,0,0,0.0175,42,0.007350000000000001,0.010150000000000001,0.0413,0,6,0.0,0.0,0,0.0413
1,30,0.0413,8,5,1,0.4587,0.0035,5,0.0175,0,0,0.0175,42,0.007350000000000001,0.010150000000000001,0.048650000000000006,0,6,0.0,0.0,0,0.048650000000000006
1,35,0.048650000000000006,9,5,1,0.45135,0.0035,5,0.0175,0,0,0.0175,42,0.007350000000000001,0.010150000000000001,0.05600000000000001,0,6,0.0,0.0,0,0.05600000000000001
1,40,0.05600000000000001,11,10,2,0.444,0.0035,5,0.0175,0,0,0.0175,47,0.008225000000000001,0.009275,0.064225,0,6,0.0,0.0,0,0.064225
1,45,0.064225,12,10,2,0.435775,0.0035,5,0.0175,0,0,0.0175,47,0.008225000000000001,0.009275,0.07245,0,6,0.0,0.0,0,0.07245
1,50,0.07245,14,10,2,0.42755,0.0035,5,0.0175,0,0,0.0175,47,0.008225000000000001,0.009275,0.080675,0,6,0.0,0.0,0,0.080675
1,55,0.080675,16,15,3,0.419325,0.0035,5,0.0175,0,0,0.0175,56,0.009800000000000001,0.0077,0.090475,0,6,0.0,0.0,0,0.090475
1,60,0.090475,18,15,3,0.40952500000000003,0.0069,7,0.0345,0,0,0.0345,45,0.015525000000000002,0.018975,0.106,0,6,0.0,0.0,0,0.106
1,65,0.106,21,20,4,0.394,0.0069,7,0.0345,0,0,0.0345,50,0.01725,0.01725,0.12325,0,6,0.0,0.0,0,0.12325
1,70,0.12325,24,20,4,0.37675000000000003,0.0069,7,0.0345,0,0,0.0345,50,0.01725,0.01725,0.1405,0,6,0.0,0.0,0,0.1405
1,75,0.1405,28,25,5,0.3595,0.0069,7,0.0345,0,0,0.0345,50,0.01725,0.01725,0.15775,0,6,0.0,0.0,0,0.15775
1,80,0.15775,31,30,6,0.34225,0.0069,7,0.0345,0,0,0.0345,50,0.01725,0.01725,0.175,0,6,0.0,0.0,0,0.175
1,85,0.175,35,35,7,0.325,0.0069,7,0.0345,0,0,0.0345,50,0.01725,0.01725,0.19224999999999998,0,6,0.0,0.0,0,0.19224999999999998
1,90,0.19224999999999998,38,35,7,0.30775,0.0069,7,0.0345,0,0,0.0345,50,0.01725,0.01725,0.20949999999999996,0,6,0.0,0.0,0,0.20949999999999996
1,95,0.20949999999999996,41,40,8,0.29050000000000004,0.0069,7,0.0345,0,0,0.0345,50,0.01725,0.01725,0.22674999999999995,0,6,0.0,0.0,0,0.22674999999999995
1,100,0.22674999999999995,45,45,9,0.27325000000000005,0.0069,7,0.0345,0,0,0.0345,50,0.01725,0.01725,0.24399999999999994,0,6,0.0,0.0,0,0.24399999999999994
1,105,0.24399999999999994,48,45,9,0.25600000000000006,0.0069,7,0.0345,0,0,0.0345,50,0.01725,0.01725,0.2612499999999999,0,6,0.0,0.0,0,0.2612499999999999
1,110,0.2612499999999999,52,50,10,0.23875000000000007,0.0069,7,0.0345,0,0,0.0345,50,0.01725,0.01725,0.2784999999999999,0,6,0.0,0.0,0,0.2784999999999999
1,115,0.2784999999999999,55,55,11,0.22150000000000009,0.0069,7,0.0345,0,0,0.0345,50,0.01725,0.01725,0.2957499999999999,0,6,0.0,0.0,0,0.2957499999999999
1,120,0.2957499999999999,59,55,11,0.2042500000000001,0.0,0,0.0,0,0,0.0,95,0.0,0.0,0.2957499999999999,1,6,0.0,0.0,0.0,0.2957499999999999
1,125,0.2957499999999999,59,55,11,0.2042500000000001,0.0,0,0.0,0,0,0.0,95,0.0,0.0,0.2957499999999999,1,6,0.0,0.0,0.0,0.2957499999999999
1,130,0.2957499999999999,59,55,11,0.2042500000000001,0.0,0,0.0,0,0,0.0,95,0.0,0.0,0.2957499999999999,1,6,0.0,0.0,0.0,0.2957499999999999
1,135,0.2957499999999999,59,55,11,0.2042500000000001,0.0,0,0.0,0,0,0.0,95,0.0,0.0,0.2957499999999999,1,6,0.0,0.0,0.0,0.2957499999999999
1,140,0.2957499999999999,59,55,11,0.2042500000000001,0.0,0,0.0,0,0,0.0,95,0.0,0.0,0.2957499999999999,1,6,0.0,0.0,0.0,0.2957499999999999
1,145,0.2957499999999999,59,55,11,0.2042500000000001,0.0,0,0.0,0,0,0.0,95,0.0,0.0,0.2957499999999999,1,6,0.0,0.0,0.0,0.2957499999999999
1,150,0.2957499999999999,59,55,11,0.2042500000000001,0.0,0,0.0,0,0,0.0,95,0.0,0.0,0.2957499999999999,1,6,0.0,0.0,0.0,0.2957499999999999
1,155,0.2957499999999999,59,55,11,0.2042500000000001,0.0,0,0.0,0,0,0.0,95,0.0,0.0,0.2957499999999999,1,6,0.0,0.0,0.0,0.2957499999999999
1,160,0.2957499999999999,59,55,11,0.2042500000000001,0.0,0,0.0,0,0,0.0,95,0.0,0.0,0.2957499999999999,1,6,0.0,0.0,0.0,0.2957499999999999
1,165,0.2957499999999999,59,55,11,0.2042500000000001,0.0,0,0.0,0,0,0.0,95,0.0,0.0,0.2957499999999999,1,6,0.0,0.0,0.0,0.2957499999999999
1,170,0.2957499999999999,59,55,11,0.2042500000000001,0.0,0,0.0,0,0,0.0,95,0.0,0.0,0.2957499999999999,1,6,0.0,0.0,0.0,0.2957499999999999
1,175,0.2957499999999999,59,55,11,0.2042500000000001,0.0,0,0.0,0,0,0.0,95,0.0,0.0,0.2957499999999999,1,6,0.0,0.0,0.0,0.2957499999999999
1,180,0.2957499999999999,59,55,11,0.2042500000000001,0.0,0,0.0,0,0,0.0,95,0.0,0.0,0.2957499999999999,1,6,0.0,0.0,0.0,0.2957499999999999
1,185,0.2957499999999999,59,55,11,0.2042500000000001,0.0,0,0.0,0,0,0.0,95,0.0,0.0,0.2957499999999999,1,6,0.0,0.0,0.0,0.2957499999999999
1,190,0.2957499999999999,59,55,11,0.2042500000000001,0.0,0,0.0,0,0,0.0,95,0.0,0.0,0.2957499999999999,1,6,0.0,0.0,0.0,0.2957499999999999
1,195,0.2957499999999999,59,55,11,0.2042500000000001,0.0,0,0.0,0,0,0.0,95,0.0,0.0,0.2957499999999999,1,6,0.0,0.0,0.0,0.2957499999999999
1,200,0.2957499999999999,59,55,11,0.2042500000000001,0.0,0,0.0,0,0,0.0,95,0.0,0.0,0.2957499999999999,1,6,0.0,0.0,0.0,0.2957499999999999
1,205,0.2957499999999999,59,55,11,0.2042500000000001,0.0,0,0.0,0,0,0.0,95,0.0,0.0,0.2957499999999999,1,6,0.0,0.0,0.0,0.2957499999999999
1,210,0.2957499999999999,59,55,11,0.2042500000000001,0.0,0,0.0,0,0,0.0,95,0.0,0.0,0.2957499999999999,1,6,0.0,0.0,0.0,0.2957499999999999
1,215,0.2957499999999999,59,55,11,0.2042500000000001,0.0,0,0.0,0,0,0.0,95,0.0,0.0,0.2957499999999999,1,6,0.0,0.0,0.0,0.2957499999999999
1,220,0.2957499999999999,59,55,11,0.2042500000000001,0.0,0,0.0,0,0,0.0,95,0.0,0.0,0.2957499999999999,1,6,0.0,0.0,0.0,0.2957499999999999
1,225,0.2957499999999999,59,55,11,0.2042500000000001,0.0,0,0.0,0,0,0.0,95,0.0,0.0,0.2957499999999999,1,6,0.0,0.0,0.0,0.2957499999999999
1,230,0.2957499999999999,59,55,11,0.2042500000000001,0.0,0,0.0,0,0,0.0,95,0.0,0.0,0.2957499999999999,1,6,0.0,0.0,0.0,0.2957499999999999
1,235,0.2957499999999999,59,55,11,0.2042500000000001,0.0,0,0.0,0,0,0.0,95,0.0,0.0,0.2957499999999999,1,6,0.0,0.0,0.0,0.2957499999999999
1,240,0.2957499999999999,59,55,11,0.2042500000000001,0.0035,5,0.0175,0,0,0.0175,62,0.010850000000000002,0.00665,0.30659999999999993,2,6,0.0,0.0,0,0.30659999999999993
1,245,0.30659999999999993,61,60,12,0.19340000000000007,0.0035,5,0.0175,0,0,0.0175,62,0.010850000000000002,0.00665,0.31744999999999995,2,6,0.0,0.0,0,0.31744999999999995
1,250,0.31744999999999995,63,60,12,0.18255000000000005,0.0035,5,0.0175,0,0,0.0175,62,0.010850000000000002,0.00665,0.3283,2,6,0.0,0.0,0,0.3283
1,255,0.3283,65,65,13,0.17170000000000002,0.0035,5,0.0175,0,0,0.0175,61,0.010675,0.006825000000000001,0.33897499999999997,2,6,0.0,0.0,0,0.33897499999999997
1,260,0.33897499999999997,67,65,13,0.16102500000000003,0.0035,5,0.0175,0,0,0.0175,61,0.010675,0.006825000000000001,0.34964999999999996,2,6,0.0,0.0,0,0.34964999999999996
1,265,0.34964999999999996,69,65,13,0.15035000000000004,0.0035,5,0.0175,0,0,0.0175,61,0.010675,0.006825000000000001,0.36032499999999995,2,6,0.0,0.0,0,0.36032499999999995
1,270,0.36032499999999995,72,70,14,0.13967500000000005,0.0035,5,0.0175,0,0,0.0175,60,0.0105,0.007000000000000001,0.37082499999999996,2,6,0.0,0.0,0,0.37082499999999996
1,275,0.37082499999999996,74,70,14,0.12917500000000004,0.0035,5,0.0175,0,0,0.0175,60,0.0105,0.007000000000000001,0.38132499999999997,2,6,0.0,0.0,0,0.38132499999999997
1,280,0.38132499999999997,76,75,15,0.11867500000000003,0.0035,5,0.0175,0,0,0.0175,56,0.009800000000000001,0.0077,0.39112499999999994,2,6,0.0,0.0,0,0.39112499999999994
1,285,0.39112499999999994,78,75,15,0.10887500000000006,0.0035,5,0.0175,0,0,0.0175,56,0.009800000000000001,0.0077,0.4009249999999999,2,6,0.0,0.0,0,0.4009249999999999
1,290,0.4009249999999999,80,80,16,0.09907500000000008,0.0035,5,0.0175,0,0,0.0175,51,0.008925,0.008575000000000001,0.40984999999999994,2,6,0.0,0.0,0,0.40984999999999994
1,295,0.40984999999999994,81,80,16,0.09015000000000006,0.0035,5,0.0175,0,0,0.0175,51,0.008925,0.008575000000000001,0.41877499999999995,2,6,0.0,0.0,0,0.41877499999999995
1,300,0.41877499999999995,83,80,16,0.08122500000000005,0.0069,7,0.0345,0,0,0.0345,40,0.013800000000000002,0.020700000000000003,0.43257499999999993,2,6,0.0,0.0,0,0.43257499999999993
1,305,0.43257499999999993,86,85,17,0.06742500000000007,0.0069,7,0.0345,0,0,0.0345,30,0.010350000000000002,0.02415,0.44292499999999996,2,6,0.0,0.0,0,0.44292499999999996
1,310,0.44292499999999996,88,85,17,0.05707500000000004,0.0069,7,0.0345,0,0,0.0345,30,0.010350000000000002,0.02415,0.453275,2,6,0.0,0.0,0,0.453275
1,315,0.453275,90,90,18,0.046725000000000017,0.0069,7,0.0345,0,0,0.0345,20,0.006900000000000001,0.027600000000000003,0.460175,2,6,0.0,0.0,0,0.460175
1,320,0.460175,92,90,18,0.039825,0.0069,7,0.0345,0,0,0.0345,20,0.006900000000000001,0.027600000000000003,0.467075,2,6,0.0,0.0,0,0.467075
1,325,0.467075,93,90,18,0.03292499999999998,0.0069,7,0.0345,0,0,0.0345,20,0,0.0345,0.467075,2,6,0.0,0.0,0,0.467075
1,330,0.467075,93,90,18,0.03292499999999998,0.0069,7,0.0345,0,0,0.0345,20,0,0.0345,0.467075,2,6,0.0,0.0,0,0.467075
1,335,0.467075,93,90,18,0.03292499999999998,0.0069,7,0.0345,0,0,0.0345,20,0,0.0345,0.467075,2,6,0.0,0.0,0,0.467075
1,340,0.467075,93,90,18,0.03292499999999998,0.0069,7,0.0345,0,0,0.0345,20,0,0.0345,0.467075,2,6,0.0,0.0,0,0.467075
1,345,0.467075,93,90,18,0.03292499999999998,0.0069,7,0.0345,0,0,0.0345,20,0,0.0345,0.467075,2,6,0.0,0.0,0,0.467075
1,350,0.467075,93,90,18,0.03292499999999998,0.0069,7,0.0345,0,0,0.0345,20,0,0.0345,0.467075,2,6,0.0,0.0,0,0.467075
1,355,0.467075,93,90,18,0.03292499999999998,0.0069,7,0.0345,0,0,0.0345,20,0,0.0345,0.467075,2,6,0.0,0.0,0,0.467075
1,360,0.467075,93,90,18,0.03292499999999998,0.0104,7,0.052,0,0,0.052,20,0,0.052,0.467075,3,6,0.005,0.025,0,0.467075
1,365,0.467075,93,90,18,0.03292499999999998,0.0104,7,0.052,0,0,0.052,20,0,0.052,0.467075,3,6,0.005,0.025,0,0.467075
1,370,0.467075,93,90,18,0.03292499999999998,0.0104,7,0.052,0,0,0.052,20,0,0.052,0.467075,3,6,0.005,0.025,0,0.467075
1,375,0.467075,93,90,18,0.03292499999999998,0.0104,7,0.052,0,0,0.052,20,0,0.052,0.467075,3,6,0.005,0.025,0,0.467075
1,380,0.467075,93,90,18,0.03292499999999998,0.0104,7,0.052,0,0,0.052,20,0,0.052,0.467075,3,6,0.005,0.025,0,0.467075
1,385,0.467075,93,90,18,0.03292499999999998,0.0104,7,0.052,0,0,0.052,20,0,0.052,0.467075,3,6,0.005,0.025,0,0.467075
1,390,0.467075,93,90,18,0.03292499999999998,0.0104,7,0.052,0,0,0.052,20,0,0.052,0.467075,3,6,0.005,0.025,0,0.467075
1,395,0.467075,93,90,18,0.03292499999999998,0.0104,7,0.052,0,0,0.052,20,0,0.052,0.467075,3,6,0.005,0.025,0,0.467075
1,400,0.467075,93,90,18,0.03292499999999998,0.0104,7,0.052,0,0,0.052,20,0,0.052,0.467075,3,6,0.005,0.025,0,0.467075
1,405,0.467075,93,90,18,0.03292499999999998,0.0104,7,0.052,0,0,0.052,20,0,0.052,0.467075,3,6,0.005,0.025,0,0.467075
1,410,0.467075,93,90,18,0.03292499999999998,0.0104,7,0.052,0,0,0.052,20,0,0.052,0.467075,3,6,0.005,0.025,0,0.467075
1,415,0.467075,93,90,18,0.03292499999999998,0.0104,7,0.052,0,0,0.052,20,0,0.052,0.467075,3,6,0.005,0.025,0,0.467075
1,420,0.467075,93,90,18,0.03292499999999998,0.0069,7,0.0345,0,0,0.0345,20,0,0.0345,0.467075,3,6,0.005,0.025,0,0.467075
1,425,0.467075,93,90,18,0.03292499999999998,0.0069,7,0.0345,0,0,0.0345,20,0,0.0345,0.467075,3,6,0.005,0.025,0,0.467075
1,430,0.467075,93,90,18,0.03292499999999998,0.0069,7,0.0345,0,0,0.0345,20,0,0.0345,0.467075,3,6,0.005,0.025,0,0.467075
1,435,0.467075,93,90,18,0.03292499999999998,0.0069,7,0.0345,0,0,0.0345,20,0,0.0345,0.467075,3,6,0.005,0.025,0,0.467075
1,440,0.467075,93,90,18,0.03292499999999998,0.0069,7,0.0345,0,0,0.0345,20,0,0.0345,0.467075,3,6,0.005,0.025,0,0.467075
1,445,0.467075,93,90,18,0.03292499999999998,0.0069,7,0.0345,0,0,0.0345,20,0,0.0345,0.467075,3,6,0.005,0.025,0,0.467075
1,450,0.467075,93,90,18,0.03292499999999998,0.0069,7,0.0345,0,0,0.0345,20,0,0.0345,0.467075,3,6,0.005,0.025,0,0.467075
1,455,0.467075,93,90,18,0.03292499999999998,0.0069,7,0.0345,0,0,0.0345,20,0,0.0345,0.467075,3,6,0.005,0.025,0,0.467075
1,460,0.467075,93,90,18,0.03292499999999998,0.0069,7,0.0345,0,0,0.0345,20,0,0.0345,0.467075,3,6,0.005,0.025,0,0.467075
1,465,0.467075,93,90,18,0.03292499999999998,0.0069,7,0.0345,0,0,0.0345,20,0,0.0345,0.467075,3,6,0.005,0.025,0,0.467075
1,470,0.467075,93,90,18,0.03292499999999998,0.0069,7,0.0345,0,0,0.0345,20,0,0.0345,0.467075,3,6,0.005,0.025,0,0.467075
1,475,0.467075,93,90,18,0.03292499999999998,0.0069,7,0.0345,0,0,0.0345,20,0,0.0345,0.467075,3,6,0.005,0.025,0,0.467075
1,480,0.467075,93,90,18,0.03292499999999998,0.0,0,0.0,0,0,0.0,60,0.0,0.0,0.467075,4,6,0.0066,0.033,0.033,0.434075
1,485,0.434075,86,85,17,0.06592500000000001,0.0,0,0.0,0,0,0.0,70,0.0,0.0,0.434075,4,6,0.0066,0.033,0.033,0.40107499999999996
1,490,0.40107499999999996,80,80,16,0.09892500000000004,0.0,0,0.0,0,0,0.0,80,0.0,0.0,0.40107499999999996,4,6,0.0066,0.033,0.033,0.36807499999999993
1,495,0.36807499999999993,73,70,14,0.13192500000000007,0.0,0,0.0,0,0,0.0,88,0.0,0.0,0.36807499999999993,4,6,0.0066,0.033,0.033,0.3350749999999999
1,500,0.3350749999999999,67,65,13,0.1649250000000001,0.0,0,0.0,0,0,0.0,90,0.0,0.0,0.3350749999999999,4,6,0.0066,0.033,0.033,0.30207499999999987
1,505,0.30207499999999987,60,60,12,0.19792500000000013,0.0,0,0.0,0,0,0.0,92,0.0,0.0,0.30207499999999987,4,6,0.0066,0.033,0.033,0.26907499999999984
1,510,0.26907499999999984,53,50,10,0.23092500000000016,0.0,0,0.0,0,0,0.0,95,0.0,0.0,0.26907499999999984,4,6,0.0066,0.033,0.033,0.23607499999999984
1,515,0.23607499999999984,47,45,9,0.2639250000000002,0.0,0,0.0,0,0.25,0.25,95,0.2375,0.012500000000000011,0.47357499999999986,4,6,0.0066,0.033,0.033,0.44057499999999983
1,520,0.44057499999999983,88,85,17,0.05942500000000017,0.0,0,0.0,0,0,0.0,70,0.0,0.0,0.44057499999999983,4,6,0.0066,0.033,0.033,0.4075749999999998
1,525,0.4075749999999998,81,80,16,0.0924250000000002,0.0,0,0.0,0,0,0.0,80,0.0,0.0,0.4075749999999998,4,6,0.0066,0.033,0.033,0.37457499999999977
1,530,0.37457499999999977,74,70,14,0.12542500000000023,0.0,0,0.0,0,0,0.0,88,0.0,0.0,0.37457499999999977,4,6,0.0066,0.033,0.033,0.34157499999999974
1,535,0.34157499999999974,68,65,13,0.15842500000000026,0.0,0,0.0,0,0,0.0,90,0.0,0.0,0.34157499999999974,4,6,0.0066,0.033,0.033,0.3085749999999997
1,540,0.3085749999999997,61,60,12,0.1914250000000003,0.0,0,0.0,0,0,0.0,92,0.0,0.0,0.3085749999999997,4,6,0.0066,0.033,0.033,0.2755749999999997
1,545,0.2755749999999997,55,55,11,0.22442500000000032,0.0,0,0.0,0,0,0.0,95,0.0,0.0,0.2755749999999997,4,6,0.0066,0.033,0.033,0.24257499999999968
1,550,0.24257499999999968,48,45,9,0.25742500000000035,0.0,0,0.0,0,0.25,0.25,95,0.2375,0.012500000000000011,0.4800749999999997,4,6,0.0066,0.033,0.033,0.44707499999999967
1,555,0.44707499999999967,89,85,17,0.05292500000000033,0.0,0,0.0,0,0,0.0,70,0.0,0.0,0.44707499999999967,4,6,0.0066,0.033,0.033,0.41407499999999964
1,560,0.41407499999999964,82,80,16,0.08592500000000036,0.0,0,0.0,0,0,0.0,80,0.0,0.0,0.41407499999999964,4,6,0.0066,0.033,0.033,0.3810749999999996
1,565,0.3810749999999996,76,75,15,0.11892500000000039,0.0,0,0.0,0,0,0.0,85,0.0,0.0,0.3810749999999996,4,6,0.0066,0.033,0.033,0.3480749999999996
1,570,0.3480749999999996,69,65,13,0.15192500000000042,0.0,0,0.0,0,0,0.0,90,0.0,0.0,0.3480749999999996,4,6,0.0066,0.033,0.033,0.31507499999999955
1,575,0.31507499999999955,63,60,12,0.18492500000000045,0.0,0,0.0,0,0,0.0,92,0.0,0.0,0.31507499999999955,4,6,0.0066,0.033,0.033,0.2820749999999995
1,580,0.2820749999999995,56,55,11,0.21792500000000048,0.0,0,0.0,0,0,0.0,95,0.0,0.0,0.2820749999999995,4,6,0.0066,0.033,0.033,0.24907499999999952
1,585,0.24907499999999952,49,45,9,0.2509250000000005,0.0,0,0.0,0,0.25,0.25,95,0.2375,0.012500000000000011,0.48657499999999954,4,6,0.0066,0.033,0.033,0.4535749999999995
1,590,0.4535749999999995,90,90,18,0.046425000000000494,0.0,0,0.0,0,0,0.0,60,0.0,0.0,0.4535749999999995,4,6,0.0066,0.033,0.033,0.4205749999999995
1,595,0.4205749999999995,84,80,16,0.07942500000000052,0.0,0,0.0,0,0,0.0,80,0.0,0.0,0.4205749999999995,4,6,0.0066,0.033,0.033,0.38757499999999945
1,600,0.38757499999999945,77,75,15,0.11242500000000055,0.0,0,0.0,0,0,0.0,85,0.0,0.0,0.38757499999999945,5,6,0.0089,0.0445,0.0445,0.34307499999999946
1,605,0.34307499999999946,68,65,13,0.15692500000000054,0.0,0,0.0,0,0,0.0,90,0.0,0.0,0.34307499999999946,5,6,0.0089,0.0445,0.0445,0.2985749999999995
1,610,0.2985749999999995,59,55,11,0.20142500000000052,0.0,0,0.0,0,0,0.0,95,0.0,0.0,0.2985749999999995,5,6,0.0089,0.0445,0.0445,0.2540749999999995
1,615,0.2540749999999995,50,50,10,0.2459250000000005,0.0,0,0.0,0,0,0.0,95,0.0,0.0,0.2540749999999995,5,6,0.0089,0.0445,0.0445,0.2095749999999995
1,620,0.2095749999999995,41,40,8,0.2904250000000005,0.0,0,0.0,0,0.25,0.25,95,0.2375,0.012500000000000011,0.4470749999999995,5,6,0.0089,0.0445,0.0445,0.4025749999999995
1,625,0.4025749999999995,80,80,16,0.09742500000000048,0.0,0,0.0,0,0,0.0,80,0.0,0.0,0.4025749999999995,5,6,0.0089,0.0445,0.0445,0.35807499999999953
1,630,0.35807499999999953,71,70,14,0.14192500000000047,0.0,0,0.0,0,0,0.0,88,0.0,0.0,0.35807499999999953,5,6,0.0089,0.0445,0.0445,0.31357499999999955
1,635,0.31357499999999955,62,60,12,0.18642500000000045,0.0,0,0.0,0,0,0.0,92,0.0,0.0,0.31357499999999955,5,6,0.0089,0.0445,0.0445,0.26907499999999956
1,640,0.26907499999999956,53,50,10,0.23092500000000044,0.0,0,0.0,0,0,0.0,95,0.0,0.0,0.26907499999999956,5,6,0.0089,0.0445,0.0445,0.22457499999999958
1,645,0.22457499999999958,44,40,8,0.2754250000000004,0.0,0,0.0,0,0.25,0.25,95,0.2375,0.012500000000000011,0.46207499999999957,5,6,0.0089,0.0445,0.0445,0.4175749999999996
1,650,0.4175749999999996,83,80,16,0.08242500000000041,0.0,0,0.0,0,0,0.0,80,0.0,0.0,0.4175749999999996,5,6,0.0089,0.0445,0.0445,0.3730749999999996
1,655,0.3730749999999996,74,70,14,0.1269250000000004,0.0,0,0.0,0,0,0.0,88,0.0,0.0,0.3730749999999996,5,6,0.0089,0.0445,0.0445,0.3285749999999996
1,660,0.3285749999999996,65,65,13,0.17142500000000038,0.0,0,0.0,0,0,0.0,90,0.0,0.0,0.3285749999999996,5,6,0.0089,0.0445,0.0445,0.28407499999999963
1,665,0.28407499999999963,56,55,11,0.21592500000000037,0.0,0,0.0,0,0,0.0,95,0.0,0.0,0.28407499999999963,5,6,0.0089,0.0445,0.0445,0.23957499999999965
1,670,0.23957499999999965,47,45,9,0.26042500000000035,0.0,0,0.0,0,0.25,0.25,95,0.2375,0.012500000000000011,0.47707499999999964,5,6,0.0089,0.0445,0.0445,0.43257499999999965
1,675,0.43257499999999965,86,85,17,0.06742500000000035,0.0,0,0.0,0,0,0.0,70,0.0,0.0,0.43257499999999965,5,6,0.0089,0.0445,0.0445,0.38807499999999967
1,680,0.38807499999999967,77,75,15,0.11192500000000033,0.0,0,0.0,0,0,0.0,85,0.0,0.0,0.38807499999999967,5,6,0.0089,0.0445,0.0445,0.3435749999999997
1,685,0.3435749999999997,68,65,13,0.1564250000000003,0.0,0,0.0,0,0,0.0,90,0.0,0.0,0.3435749999999997,5,6,0.0089,0.0445,0.0445,0.2990749999999997
1,690,0.2990749999999997,59,55,11,0.2009250000000003,0.0,0,0.0,0,0,0.0,95,0.0,0.0,0.2990749999999997,5,6,0.0089,0.0445,0.0445,0.2545749999999997
1,695,0.2545749999999997,50,50,10,0.24542500000000028,0.0,0,0.0,0,0,0.0,95,0.0,0.0,0.2545749999999997,5,6,0.0089,0.0445,0.0445,0.21007499999999973
1,700,0.21007499999999973,42,40,8,0.28992500000000027,0.0,0,0.0,0,0.25,0.25,95,0.2375,0.012500000000000011,0.4475749999999997,5,6,0.0089,0.0445,0.0445,0.40307499999999974
1,705,0.40307499999999974,80,80,16,0.09692500000000026,0.0,0,0.0,0,0,0.0,80,0.0,0.0,0.40307499999999974,5,6,0.0089,0.0445,0.0445,0.35857499999999976
1,710,0.35857499999999976,71,70,14,0.14142500000000024,0.0,0,0.0,0,0,0.0,88,0.0,0.0,0.35857499999999976,5,6,0.0089,0.0445,0.0445,0.31407499999999977
1,715,0.31407499999999977,62,60,12,0.18592500000000023,0.0,0,0.0,0,0,0.0,92,0.0,0.0,0.31407499999999977,5,6,0.0089,0.0445,0.0445,0.2695749999999998
1,720,0.2695749999999998,53,50,10,0.2304250000000002,0.0,0,0.0,0,0,0.0,95,0.0,0.0,0.2695749999999998,6,6,0.0104,0.052,0.052,0.2175749999999998
1,725,0.2175749999999998,43,40,8,0.2824250000000002,0.0,0,0.0,0,0.25,0.25,95,0.2375,0.012500000000000011,0.4550749999999998,6,6,0.0104,0.052,0.052,0.4030749999999998
1,730,0.4030749999999998,80,80,16,0.0969250000000002,0.0,0,0.0,0,0,0.0,80,0.0,0.0,0.4030749999999998,6,6,0.0104,0.052,0.052,0.3510749999999998
1,735,0.3510749999999998,70,70,14,0.1489250000000002,0.0,0,0.0,0,0,0.0,88,0.0,0.0,0.3510749999999998,6,6,0.0104,0.052,0.052,0.2990749999999998
1,740,0.2990749999999998,59,55,11,0.2009250000000002,0.0,0,0.0,0,0,0.0,95,0.0,0.0,0.2990749999999998,6,6,0.0104,0.052,0.052,0.24707499999999982
1,745,0.24707499999999982,49,45,9,0.2529250000000002,0.0,0,0.0,0,0.25,0.25,95,0.2375,0.012500000000000011,0.4845749999999998,6,6,0.0104,0.052,0.052,0.4325749999999998
1,750,0.4325749999999998,86,85,17,0.06742500000000018,0.0,0,0.0,0,0,0.0,70,0.0,0.0,0.4325749999999998,6,6,0.0104,0.052,0.052,0.38057499999999983
1,755,0.38057499999999983,76,75,15,0.11942500000000017,0.0,0,0.0,0,0,0.0,85,0.0,0.0,0.38057499999999983,6,6,0.0104,0.052,0.052,0.32857499999999984
1,760,0.32857499999999984,65,65,13,0.17142500000000016,0.0,0,0.0,0,0,0.0,90,0.0,0.0,0.32857499999999984,6,6,0.0104,0.052,0.052,0.27657499999999985
1,765,0.27657499999999985,55,55,11,0.22342500000000015,0.0,0,0.0,0,0,0.0,95,0.0,0.0,0.27657499999999985,6,6,0.0104,0.052,0.052,0.22457499999999986
1,770,0.22457499999999986,44,40,8,0.27542500000000014,0.0,0,0.0,0,0.25,0.25,95,0.2375,0.012500000000000011,0.46207499999999985,6,6,0.0104,0.052,0.052,0.41007499999999986
1,775,0.41007499999999986,82,80,16,0.08992500000000014,0.0,0,0.0,0,0,0.0,80,0.0,0.0,0.41007499999999986,6,6,0.0104,0.052,0.052,0.35807499999999987
1,780,0.35807499999999987,71,70,14,0.14192500000000013,0.0,0,0.0,0,0,0.0,88,0.0,0.0,0.35807499999999987,6,6,0.0104,0.052,0.052,0.3060749999999999
1,785,0.3060749999999999,61,60,12,0.19392500000000013,0.0,0,0.0,0,0,0.0,92,0.0,0.0,0.3060749999999999,6,6,0.0104,0.052,0.052,0.2540749999999999
1,790,0.2540749999999999,50,50,10,0.24592500000000012,0.0,0,0.0,0,0,0.0,95,0.0,0.0,0.2540749999999999,6,6,0.0104,0.052,0.052,0.2020749999999999
1,795,0.2020749999999999,40,40,8,0.2979250000000001,0.0,0,0.0,0,0.25,0.25,95,0.2375,0.012500000000000011,0.4395749999999999,6,6,0.0104,0.052,0.052,0.3875749999999999
1,800,0.3875749999999999,77,75,15,0.11242500000000011,0.0,0,0.0,0,0,0.0,85,0.0,0.0,0.3875749999999999,6,6,0.0104,0.052,0.052,0.3355749999999999
1,805,0.3355749999999999,67,65,13,0.1644250000000001,0.0,0,0.0,0,0,0.0,90,0.0,0.0,0.3355749999999999,6,6,0.0104,0.052,0.052,0.2835749999999999
1,810,0.2835749999999999,56,55,11,0.2164250000000001,0.0,0,0.0,0,0,0.0,95,0.0,0.0,0.2835749999999999,6,6,0.0104,0.052,0.052,0.23157499999999992
1,815,0.23157499999999992,46,45,9,0.2684250000000001,0.0,0,0.0,0,0.25,0.25,95,0.2375,0.012500000000000011,0.4690749999999999,6,6,0.0104,0.052,0.052,0.4170749999999999
1,820,0.4170749999999999,83,80,16,0.08292500000000008,0.0,0,0.0,0,0,0.0,80,0.0,0.0,0.4170749999999999,6,6,0.0104,0.052,0.052,0.3650749999999999
1,825,0.3650749999999999,73,70,14,0.13492500000000007,0.0,0,0.0,0,0,0.0,88,0.0,0.0,0.3650749999999999,6,6,0.0104,0.052,0.052,0.31307499999999994
1,830,0.31307499999999994,62,60,12,0.18692500000000006,0.0,0,0.0,0,0,0.0,92,0.0,0.0,0.31307499999999994,6,6,0.0104,0.052,0.052,0.26107499999999995
1,835,0.26107499999999995,52,50,10,0.23892500000000005,0.0,0,0.0,0,0,0.0,95,0.0,0.0,0.26107499999999995,6,6,0.0104,0.052,0.052,0.20907499999999996
1,840,0.20907499999999996,41,40,8,0.29092500000000004,0.0,0,0.0,0,0.25,0.25,95,0.2375,0.012500000000000011,0.44657499999999994,7,6,0.0099,0.0495,0.0495,0.39707499999999996
1,845,0.39707499999999996,79,75,15,0.10292500000000004,0.0,0,0.0,0,0,0.0,85,0.0,0.0,0.39707499999999996,7,6,0.0099,0.0495,0.0495,0.34757499999999997
1,850,0.34757499999999997,69,65,13,0.15242500000000003,0.0,0,0.0,0,0,0.0,90,0.0,0.0,0.34757499999999997,7,6,0.0099,0.0495,0.0495,0.298075
1,855,0.298075,59,55,11,0.20192500000000002,0.0,0,0.0,0,0,0.0,95,0.0,0.0,0.298075,7,6,0.0099,0.0495,0.0495,0.248575
1,860,0.248575,49,45,9,0.251425,0.0,0,0.0,0,0.25,0.25,95,0.2375,0.012500000000000011,0.486075,7,6,0.0099,0.0495,0.0495,0.436575
1,865,0.436575,87,85,17,0.06342500000000001,0.0,0,0.0,0,0,0.0,70,0.0,0.0,0.436575,7,6,0.0099,0.0495,0.0495,0.387075
1,870,0.387075,77,75,15,0.112925,0.0,0,0.0,0,0,0.0,85,0.0,0.0,0.387075,7,6,0.0099,0.0495,0.0495,0.337575
1,875,0.337575,67,65,13,0.16242499999999999,0.0,0,0.0,0,0,0.0,90,0.0,0.0,0.337575,7,6,0.0099,0.0495,0.0495,0.288075
1,880,0.288075,57,55,11,0.21192499999999997,0.0,0,0.0,0,0,0.0,95,0.0,0.0,0.288075,7,6,0.0099,0.0495,0.0495,0.23857500000000004
1,885,0.23857500000000004,47,45,9,0.26142499999999996,0.0,0,0.0,0,0.25,0.25,95,0.2375,0.012500000000000011,0.476075,7,6,0.0099,0.0495,0.0495,0.42657500000000004
1,890,0.42657500000000004,85,85,17,0.07342499999999996,0.0,0,0.0,0,0,0.0,70,0.0,0.0,0.42657500000000004,7,6,0.0099,0.0495,0.0495,0.37707500000000005
1,895,0.37707500000000005,75,75,15,0.12292499999999995,0.0,0,0.0,0,0,0.0,85,0.0,0.0,0.37707500000000005,7,6,0.0099,0.0495,0.0495,0.32757500000000006
1,900,0.32757500000000006,65,65,13,0.17242499999999994,0.0035,5,0.0175,0,0,0.0175,61,0.010675,0.006825000000000001,0.33825000000000005,7,6,0.0099,0.0495,0,0.33825000000000005
1,905,0.33825000000000005,67,65,13,0.16174999999999995,0.0035,5,0.0175,0,0,0.0175,61,0.010675,0.006825000000000001,0.34892500000000004,7,6,0.0099,0.0495,0,0.34892500000000004
1,910,0.34892500000000004,69,65,13,0.15107499999999996,0.0035,5,0.0175,0,0,0.0175,61,0.010675,0.006825000000000001,0.35960000000000003,7,6,0.0099,0.0495,0,0.35960000000000003
1,915,0.35960000000000003,71,70,14,0.14039999999999997,0.0035,5,0.0175,0,0,0.0175,60,0.0105,0.007000000000000001,0.37010000000000004,7,6,0.0099,0.0495,0,0.37010000000000004
1,920,0.37010000000000004,74,70,14,0.12989999999999996,0.0035,5,0.0175,0,0,0.0175,60,0.0105,0.007000000000000001,0.38060000000000005,7,6,0.0099,0.0495,0,0.38060000000000005
1,925,0.38060000000000005,76,75,15,0.11939999999999995,0.0035,5,0.0175,0,0,0.0175,56,0.009800000000000001,0.0077,0.3904,7,6,0.0099,0.0495,0,0.3904
1,930,0.3904,78,75,15,0.10959999999999998,0.0035,5,0.0175,0,0,0.0175,56,0.009800000000000001,0.0077,0.4002,7,6,0.0099,0.0495,0,0.4002
1,935,0.4002,80,80,16,0.0998,0.0035,5,0.0175,0,0,0.0175,51,0.008925,0.008575000000000001,0.409125,7,6,0.0099,0.0495,0,0.409125
1,940,0.409125,81,80,16,0.09087499999999998,0.0035,5,0.0175,0,0,0.0175,51,0.008925,0.008575000000000001,0.41805000000000003,7,6,0.0099,0.0495,0,0.41805000000000003
1,945,0.41805000000000003,83,80,16,0.08194999999999997,0.0035,5,0.0175,0,0,0.0175,51,0.008925,0.008575000000000001,0.42697500000000005,7,6,0.0099,0.0495,0,0.42697500000000005
1,950,0.42697500000000005,85,85,17,0.07302499999999995,0.0035,5,0.0175,0,0,0.0175,41,0.007175,0.010325,0.43415000000000004,7,6,0.0099,0.0495,0,0.43415000000000004
1,955,0.43415000000000004,86,85,17,0.06584999999999996,0.0035,5,0.0175,0,0,0.0175,41,0.007175,0.010325,0.441325,7,6,0.0099,0.0495,0,0.441325
1,960,0.441325,88,85,17,0.05867499999999998,0.0069,7,0.0345,0,0,0.0345,30,0.010350000000000002,0.02415,0.45167500000000005,8,6,0.0079,0.03950000000000001,0,0.45167500000000005
1,965,0.45167500000000005,90,90,18,0.04832499999999995,0.0069,7,0.0345,0,0,0.0345,20,0.006900000000000001,0.027600000000000003,0.45857500000000007,8,6,0.0079,0.03950000000000001,0,0.45857500000000007
1,970,0.45857500000000007,91,90,18,0.041424999999999934,0.0069,7,0.0345,0,0,0.0345,20,0.006900000000000001,0.027600000000000003,0.4654750000000001,8,6,0.0079,0.03950000000000001,0,0.4654750000000001
1,975,0.4654750000000001,93,90,18,0.03452499999999992,0.0069,7,0.0345,0,0,0.0345,20,0.006900000000000001,0.027600000000000003,0.4723750000000001,8,6,0.0079,0.03950000000000001,0,0.4723750000000001
1,980,0.4723750000000001,94,90,18,0.0276249999999999,0.0069,7,0.0345,0,0,0.0345,20,0,0.0345,0.4723750000000001,8,6,0.0079,0.03950000000000001,0,0.4723750000000001
1,985,0.4723750000000001,94,90,18,0.0276249999999999,0.0069,7,0.0345,0,0,0.0345,20,0,0.0345,0.4723750000000001,8,6,0.0079,0.03950000000000001,0,0.4723750000000001
1,990,0.4723750000000001,94,90,18,0.0276249999999999,0.0069,7,0.0345,0,0,0.0345,20,0,0.0345,0.4723750000000001,8,6,0.0079,0.03950000000000001,0,0.4723750000000001
1,995,0.4723750000000001,94,90,18,0.0276249999999999,0.0069,7,0.0345,0,0,0.0345,20,0,0.0345,0.4723750000000001,8,6,0.0079,0.03950000000000001,0,0.4723750000000001
1,1000,0.4723750000000001,94,90,18,0.0276249999999999,0.0069,7,0.0345,0,0,0.0345,20,0,0.0345,0.4723750000000001,8,6,0.0079,0.03950000000000001,0,0.4723750000000001
1,1005,0.4723750000000001,94,90,18,0.0276249999999999,0.0069,7,0.0345,0,0,0.0345,20,0,0.0345,0.4723750000000001,8,6,0.0079,0.03950000000000001,0,0.4723750000000001
1,1010,0.4723750000000001,94,90,18,0.0276249999999999,0.0069,7,0.0345,0,0,0.0345,20,0,0.0345,0.4723750000000001,8,6,0.0079,0.03950000000000001,0,0.4723750000000001
1,1015,0.4723750000000001,94,90,18,0.0276249999999999,0.0069,7,0.0345,0,0,0.0345,20,0,0.0345,0.4723750000000001,8,6,0.0079,0.03950000000000001,0,0.4723750000000001
1,1020,0.4723750000000001,94,90,18,0.0276249999999999,0.0104,7,0.052,0,0,0.052,20,0,0.052,0.4723750000000001,8,6,0.0079,0.03950000000000001,0,0.4723750000000001
1,1025,0.4723750000000001,94,90,18,0.0276249999999999,0.0104,7,0.052,0,0,0.052,20,0,0.052,0.4723750000000001,8,6,0.0079,0.03950000000000001,0,0.4723750000000001
1,1030,0.4723750000000001,94,90,18,0.0276249999999999,0.0104,7,0.052,0,0,0.052,20,0,0.052,0.4723750000000001,8,6,0.0079,0.03950000000000001,0,0.4723750000000001
1,1035,0.4723750000000001,94,90,18,0.0276249999999999,0.0104,7,0.052,0,0,0.052,20,0,0.052,0.4723750000000001,8,6,0.0079,0.03950000000000001,0,0.4723750000000001
1,1040,0.4723750000000001,94,90,18,0.0276249999999999,0.0104,7,0.052,0,0,0.052,20,0,0.052,0.4723750000000001,8,6,0.0079,0.03950000000000001,0,0.4723750000000001
1,1045,0.4723750000000001,94,90,18,0.0276249999999999,0.0104,7,0.052,0,0,0.052,20,0,0.052,0.4723750000000001,8,6,0.0079,0.03950000000000001,0,0.4723750000000001
1,1050,0.4723750000000001,94,90,18,0.0276249999999999,0.0104,7,0.052,0,0,0.052,20,0,0.052,0.4723750000000001,8,6,0.0079,0.03950000000000001,0,0.4723750000000001
1,1055,0.4723750000000001,94,90,18,0.0276249999999999,0.0104,7,0.052,0,0,0.052,20,0,0.052,0.4723750000000001,8,6,0.0079,0.03950000000000001,0,0.4723750000000001
1,1060,0.4723750000000001,94,90,18,0.0276249999999999,0.0104,7,0.052,0,0,0.052,20,0,0.052,0.4723750000000001,8,6,0.0079,0.03950000000000001,0,0.4723750000000001
1,1065,0.4723750000000001,94,90,18,0.0276249999999999,0.0104,7,0.052,0,0,0.052,20,0,0.052,0.4723750000000001,8,6,0.0079,0.03950000000000001,0,0.4723750000000001
1,1070,0.4723750000000001,94,90,18,0.0276249999999999,0.0104,7,0.052,0,0,0.052,20,0,0.052,0.4723750000000001,8,6,0.0079,0.03950000000000001,0,0.4723750000000001
1,1075,0.4723750000000001,94,90,18,0.0276249999999999,0.0104,7,0.052,0,0,0.052,20,0,0.052,0.4723750000000001,8,6,0.0079,0.03950000000000001,0,0.4723750000000001
1,1080,0.4723750000000001,94,90,18,0.0276249999999999,0.0174,7,0.087,0,0,0.087,20,0,0.087,0.4723750000000001,9,6,0.0067,0.0335,0,0.4723750000000001
1,1085,0.4723750000000001,94,90,18,0.0276249999999999,0.0174,7,0.087,0,0,0.087,20,0,0.087,0.4723750000000001,9,6,0.0067,0.0335,0,0.4723750000000001
1,1090,0.4723750000000001,94,90,18,0.0276249999999999,0.0174,7,0.087,0,0,0.087,20,0,0.087,0.4723750000000001,9,6,0.0067,0.0335,0,0.4723750000000001
1,1095,0.4723750000000001,94,90,18,0.0276249999999999,0.0174,7,0.087,0,0,0.087,20,0,0.087,0.4723750000000001,9,6,0.0067,0.0335,0,0.4723750000000001
1,1100,0.4723750000000001,94,90,18,0.0276249999999999,0.0174,7,0.087,0,0,0.087,20,0,0.087,0.4723750000000001,9,6,0.0067,0.0335,0,0.4723750000000001
1,1105,0.4723750000000001,94,90,18,0.0276249999999999,0.0174,7,0.087,0,0,0.087,20,0,0.087,0.4723750000000001,9,6,0.0067,0.0335,0,0.4723750000000001
1,1110,0.4723750000000001,94,90,18,0.0276249999999999,0.0174,7,0.087,0,0,0.087,20,0,0.087,0.4723750000000001,9,6,0.0067,0.0335,0,0.4723750000000001
1,1115,0.4723750000000001,94,90,18,0.0276249999999999,0.0174,7,0.087,0,0,0.087,20,0,0.087,0.4723750000000001,9,6,0.0067,0.0335,0,0.4723750000000001
1,1120,0.4723750000000001,94,90,18,0.0276249999999999,0.0174,7,0.087,0,0,0.087,20,0,0.087,0.4723750000000001,9,6,0.0067,0.0335,0,0.4723750000000001
1,1125,0.4723750000000001,94,90,18,0.0276249999999999,0.0174,7,0.087,0,0,0.087,20,0,0.087,0.4723750000000001,9,6,0.0067,0.0335,0,0.4723750000000001
1,1130,0.4723750000000001,94,90,18,0.0276249999999999,0.0174,7,0.087,0,0,0.087,20,0,0.087,0.4723750000000001,9,6,0.0067,0.0335,0,0.4723750000000001
1,1135,0.4723750000000001,94,90,18,0.0276249999999999,0.0174,7,0.087,0,0,0.087,20,0,0.087,0.4723750000000001,9,6,0.0067,0.0335,0,0.4723750000000001
1,1140,0.4723750000000001,94,90,18,0.0276249999999999,0.0243,7,0.1215,0,0,0.1215,20,0,0.1215,0.4723750000000001,9,6,0.0067,0.0335,0,0.4723750000000001
1,1145,0.4723750000000001,94,90,18,0.0276249999999999,0.0243,7,0.1215,0,0,0.1215,20,0,0.1215,0.4723750000000001,9,6,0.0067,0.0335,0,0.4723750000000001
1,1150,0.4723750000000001,94,90,18,0.0276249999999999,0.0243,7,0.1215,0,0,0.1215,20,0,0.1215,0.4723750000000001,9,6,0.0067,0.0335,0,0.4723750000000001
1,1155,0.4723750000000001,94,90,18,0.0276249999999999,0.0243,7,0.1215,0,0,0.1215,20,0,0.1215,0.4723750000000001,9,6,0.0067,0.0335,0,0.4723750000000001
1,1160,0.4723750000000001,94,90,18,0.0276249999999999,0.0243,7,0.1215,0,0,0.1215,20,0,0.1215,0.4723750000000001,9,6,0.0067,0.0335,0,0.4723750000000001
1,1165,0.4723750000000001,94,90,18,0.0276249999999999,0.0243,7,0.1215,0,0,0.1215,20,0,0.1215,0.4723750000000001,9,6,0.0067,0.0335,0,0.4723750000000001
1,1170,0.4723750000000001,94,90,18,0.0276249999999999,0.0243,7,0.1215,0,0,0.1215,20,0,0.1215,0.4723750000000001,9,6,0.0067,0.0335,0,0.4723750000000001
1,1175,0.4723750000000001,94,90,18,0.0276249999999999,0.0243,7,0.1215,0,0,0.1215,20,0,0.1215,0.4723750000000001,9,6,0.0067,0.0335,0,0.4723750000000001
1,1180,0.4723750000000001,94,90,18,0.0276249999999999,0.0243,7,0.1215,0,0,0.1215,20,0,0.1215,0.4723750000000001,9,6,0.0067,0.0335,0,0.4723750000000001
1,1185,0.4723750000000001,94,90,18,0.0276249999999999,0.0243,7,0.1215,0,0,0.1215,20,0,0.1215,0.4723750000000001,9,6,0.0067,0.0335,0,0.4723750000000001
1,1190,0.4723750000000001,94,90,18,0.0276249999999999,0.0243,7,0.1215,0,0,0.1215,20,0,0.1215,0.4723750000000001,9,6,0.0067,0.0335,0,0.4723750000000001
1,1195,0.4723750000000001,94,90,18,0.0276249999999999,0.0243,7,0.1215,0,0,0.1215,20,0,0.1215,0.4723750000000001,9,6,0.0067,0.0335,0,0.4723750000000001
1,1200,0.4723750000000001,94,90,18,0.0276249999999999,0.0104,7,0.052,0,0,0.052,20,0,0.052,0.4723750000000001,10,6,0.0034,0.016999999999999998,0,0.4723750000000001
1,1205,0.4723750000000001,94,90,18,0.0276249999999999,0.0104,7,0.052,0,0,0.052,20,0,0.052,0.4723750000000001,10,6,0.0034,0.016999999999999998,0,0.4723750000000001
1,1210,0.4723750000000001,94,90,18,0.0276249999999999,0.0104,7,0.052,0,0,0.052,20,0,0.052,0.4723750000000001,10,6,0.0034,0.016999999999999998,0,0.4723750000000001
1,1215,0.4723750000000001,94,90,18,0.0276249999999999,0.0104,7,0.052,0,0,0.052,20,0,0.052,0.4723750000000001,10,6,0.0034,0.016999999999999998,0,0.4723750000000001
1,1220,0.4723750000000001,94,90,18,0.0276249999999999,0.0104,7,0.052,0,0,0.052,20,0,0.052,0.4723750000000001,10,6,0.0034,0.016999999999999998,0,0.4723750000000001
1,1225,0.4723750000000001,94,90,18,0.0276249999999999,0.0104,7,0.052,0,0,0.052,20,0,0.052,0.4723750000000001,10,6,0.0034,0.016999999999999998,0,0.4723750000000001
1,1230,0.4723750000000001,94,90,18,0.0276249999999999,0.0104,7,0.052,0,0,0.052,20,0,0.052,0.4723750000000001,10,6,0.0034,0.016999999999999998,0,0.4723750000000001
1,1235,0.4723750000000001,94,90,18,0.0276249999999999,0.0104,7,0.052,0,0,0.052,20,0,0.052,0.4723750000000001,10,6,0.0034,0.016999999999999998,0,0.4723750000000001
1,1240,0.4723750000000001,94,90,18,0.0276249999999999,0.0104,7,0.052,0,0,0.052,20,0,0.052,0.4723750000000001,10,6,0.0034,0.016999999999999998,0,0.4723750000000001
1,1245,0.4723750000000001,94,90,18,0.0276249999999999,0.0104,7,0.052,0,0,0.052,20,0,0.052,0.4723750000000001,10,6,0.0034,0.016999999999999998,0,0.4723750000000001
1,1250,0.4723750000000001,94,90,18,0.0276249999999999,0.0104,7,0.052,0,0,0.052,20,0,0.052,0.4723750000000001,10,6,0.0034,0.016999999999999998,0,0.4723750000000001
1,1255,0.4723750000000001,94,90,18,0.0276249999999999,0.0104,7,0.052,0,0,0.052,20,0,0.052,0.4723750000000001,10,6,0.0034,0.016999999999999998,0,0.4723750000000001
1,1260,0.4723750000000001,94,90,18,0.0276249999999999,0.0035,5,0.0175,0,0,0.0175,31,0.005425000000000001,0.012075,0.4778000000000001,10,6,0.0034,0.016999999999999998,0,0.4778000000000001
1,1265,0.4778000000000001,95,95,19,0.022199999999999886,0.0035,5,0.0175,0,0,0.0175,21,0.0036750000000000003,0.013825,0.4814750000000001,10,6,0.0034,0.016999999999999998,0,0.4814750000000001
1,1270,0.4814750000000001,96,95,19,0.018524999999999903,0.0035,5,0.0175,0,0,0.0175,21,0.0036750000000000003,0.013825,0.4851500000000001,10,6,0.0034,0.016999999999999998,0,0.4851500000000001
1,1275,0.4851500000000001,97,95,19,0.014849999999999919,0.0035,5,0.0175,0,0,0.0175,21,0,0.0175,0.4851500000000001,10,6,0.0034,0.016999999999999998,0,0.4851500000000001
1,1280,0.4851500000000001,97,95,19,0.014849999999999919,0.0035,5,0.0175,0,0,0.0175,21,0,0.0175,0.4851500000000001,10,6,0.0034,0.016999999999999998,0,0.4851500000000001
1,1285,0.4851500000000001,97,95,19,0.014849999999999919,0.0035,5,0.0175,0,0,0.0175,21,0,0.0175,0.4851500000000001,10,6,0.0034,0.016999999999999998,0,0.4851500000000001
1,1290,0.4851500000000001,97,95,19,0.014849999999999919,0.0035,5,0.0175,0,0,0.0175,21,0,0.0175,0.4851500000000001,10,6,0.0034,0.016999999999999998,0,0.4851500000000001
1,1295,0.4851500000000001,97,95,19,0.014849999999999919,0.0035,5,0.0175,0,0,0.0175,21,0,0.0175,0.4851500000000001,10,6,0.0034,0.016999999999999998,0,0.4851500000000001
1,1300,0.4851500000000001,97,95,19,0.014849999999999919,0.0035,5,0.0175,0,0,0.0175,21,0,0.0175,0.4851500000000001,10,6,0.0034,0.016999999999999998,0,0.4851500000000001
1,1305,0.4851500000000001,97,95,19,0.014849999999999919,0.0035,5,0.0175,0,0,0.0175,21,0,0.0175,0.4851500000000001,10,6,0.0034,0.016999999999999998,0,0.4851500000000001
1,1310,0.4851500000000001,97,95,19,0.014849999999999919,0.0035,5,0.0175,0,0,0.0175,21,0,0.0175,0.4851500000000001,10,6,0.0034,0.016999999999999998,0,0.4851500000000001
1,1315,0.4851500000000001,97,95,19,0.014849999999999919,0.0035,5,0.0175,0,0,0.0175,21,0,0.0175,0.4851500000000001,10,6,0.0034,0.016999999999999998,0,0.4851500000000001
1,1320,0.4851500000000001,97,95,19,0.014849999999999919,0.0035,5,0.0175,0,0,0.0175,21,0,0.0175,0.4851500000000001,11,6,0.0,0.0,0,0.4851500000000001
1,1325,0.4851500000000001,97,95,19,0.014849999999999919,0.0035,5,0.0175,0,0,0.0175,21,0,0.0175,0.4851500000000001,11,6,0.0,0.0,0,0.4851500000000001
1,1330,0.4851500000000001,97,95,19,0.014849999999999919,0.0035,5,0.0175,0,0,0.0175,21,0,0.0175,0.4851500000000001,11,6,0.0,0.0,0,0.4851500000000001
1,1335,0.4851500000000001,97,95,19,0.014849999999999919,0.0035,5,0.0175,0,0,0.0175,21,0,0.0175,0.4851500000000001,11,6,0.0,0.0,0,0.4851500000000001
1,1340,0.4851500000000001,97,95,19,0.014849999999999919,0.0035,5,0.0175,0,0,0.0175,21,0,0.0175,0.4851500000000001,11,6,0.0,0.0,0,0.4851500000000001
1,1345,0.4851500000000001,97,95,19,0.014849999999999919,0.0035,5,0.0175,0,0,0.0175,21,0,0.0175,0.4851500000000001,11,6,0.0,0.0,0,0.4851500000000001
1,1350,0.4851500000000001,97,95,19,0.014849999999999919,0.0035,5,0.0175,0,0,0.0175,21,0,0.0175,0.4851500000000001,11,6,0.0,0.0,0,0.4851500000000001
1,1355,0.4851500000000001,97,95,19,0.014849999999999919,0.0035,5,0.0175,0,0,0.0175,21,0,0.0175,0.4851500000000001,11,6,0.0,0.0,0,0.4851500000000001
1,1360,0.4851500000000001,97,95,19,0.014849999999999919,0.0035,5,0.0175,0,0,0.0175,21,0,0.0175,0.4851500000000001,11,6,0.0,0.0,0,0.4851500000000001
1,1365,0.4851500000000001,97,95,19,0.014849999999999919,0.0035,5,0.0175,0,0,0.0175,21,0,0.0175,0.4851500000000001,11,6,0.0,0.0,0,0.4851500000000001
1,1370,0.4851500000000001,97,95,19,0.014849999999999919,0.0035,5,0.0175,0,0,0.0175,21,0,0.0175,0.4851500000000001,11,6,0.0,0.0,0,0.4851500000000001
1,1375,0.4851500000000001,97,95,19,0.014849999999999919,0.0035,5,0.0175,0,0,0.0175,21,0,0.0175,0.4851500000000001,11,6,0.0,0.0,0,0.4851500000000001
1,1380,0.4851500000000001,97,95,19,0.014849999999999919,0.0,0,0.0,0,0,0.0,50,0.0,0.0,0.4851500000000001,11,6,0.0,0.0,0.0,0.4851500000000001
1,1385,0.4851500000000001,97,95,19,0.014849999999999919,0.0,0,0.0,0,0,0.0,50,0.0,0.0,0.4851500000000001,11,6,0.0,0.0,0.0,0.4851500000000001
1,1390,0.4851500000000001,97,95,19,0.014849999999999919,0.0,0,0.0,0,0,0.0,50,0.0,0.0,0.4851500000000001,11,6,0.0,0.0,0.0,0.4851500000000001
1,1395,0.4851500000000001,97,95,19,0.014849999999999919,0.0,0,0.0,0,0,0.0,50,0.0,0.0,0.4851500000000001,11,6,0.0,0.0,0.0,0.4851500000000001
1,1400,0.4851500000000001,97,95,19,0.014849999999999919,0.0,0,0.0,0,0,0.0,50,0.0,0.0,0.4851500000000001,11,6,0.0,0.0,0.0,0.4851500000000001
1,1405,0.4851500000000001,97,95,19,0.014849999999999919,0.0,0,0.0,0,0,0.0,50,0.0,0.0,0.4851500000000001,11,6,0.0,0.0,0.0,0.4851500000000001
1,1410,0.4851500000000001,97,95,19,0.014849999999999919,0.0,0,0.0,0,0,0.0,50,0.0,0.0,0.4851500000000001,11,6,0.0,0.0,0.0,0.4851500000000001
1,1415,0.4851500000000001,97,95,19,0.014849999999999919,0.0,0,0.0,0,0,0.0,50,0.0,0.0,0.4851500000000001,11,6,0.0,0.0,0.0,0.4851500000000001
1,1420,0.4851500000000001,97,95,19,0.014849999999999919,0.0,0,0.0,0,0,0.0,50,0.0,0.0,0.4851500000000001,11,6,0.0,0.0,0.0,0.4851500000000001
1,1425,0.4851500000000001,97,95,19,0.014849999999999919,0.0,0,0.0,0,0,0.0,50,0.0,0.0,0.4851500000000001,11,6,0.0,0.0,0.0,0.4851500000000001
1,1430,0.4851500000000001,97,95,19,0.014849999999999919,0.0,0,0.0,0,0,0.0,50,0.0,0.0,0.4851500000000001,11,6,0.0,0.0,0.0,0.4851500000000001
1,1435,0.4851500000000001,97,95,19,0.014849999999999919,0.0,0,0.0,0,0,0.0,50,0.0,0.0,0.4851500000000001,11,6,0.0,0.0,0.0,0.4851500000000001
1,1440,0.4851500000000001,97,95,19,0.014849999999999919,0.0,0,0.0,0,0,0.0,50,0.0,0.0,0.4851500000000001,0,6,0.0,0.0,0.0,0.4851500000000001
1,1445,0.4851500000000001,97,95,19,0.014849999999999919,0.0,0,0.0,0,0,0.0,50,0.0,0.0,0.4851500000000001,0,6,0.0,0.0,0.0,0.4851500000000001
1,1450,0.4851500000000001,97,95,19,0.014849999999999919,0.0,0,0.0,0,0,0.0,50,0.0,0.0,0.4851500000000001,0,6,0.0,0.0,0.0,0.4851500000000001
1,1455,0.4851500000000001,97,95,19,0.014849999999999919,0.0,0,0.0,0,0,0.0,50,0.0,0.0,0.4851500000000001,0,6,0.0,0.0,0.0,0.4851500000000001
1,1460,0.4851500000000001,97,95,19,0.014849999999999919,0.0,0,0.0,0,0,0.0,50,0.0,0.0,0.4851500000000001,0,6,0.0,0.0,0.0,0.4851500000000001
1,1465,0.4851500000000001,97,95,19,0.014849999999999919,0.0,0,0.0,0,0,0.0,50,0.0,0.0,0.4851500000000001,0,6,0.0,0.0,0.0,0.4851500000000001
1,1470,0.4851500000000001,97,95,19,0.014849999999999919,0.0,0,0.0,0,0,0.0,50,0.0,0.0,0.4851500000000001,0,6,0.0,0.0,0.0,0.4851500000000001
1,1475,0.4851500000000001,97,95,19,0.014849999999999919,0.0,0,0.0,0,0,0.0,50,0.0,0.0,0.4851500000000001,0,6,0.0,0.0,0.0,0.4851500000000001
1,1480,0.4851500000000001,97,95,19,0.014849999999999919,0.0,0,0.0,0,0,0.0,50,0.0,0.0,0.4851500000000001,0,6,0.0,0.0,0.0,0.4851500000000001
1,1485,0.4851500000000001,97,95,19,0.014849999999999919,0.0,0,0.0,0,0,0.0,50,0.0,0.0,0.4851500000000001,0,6,0.0,0.0,0.0,0.4851500000000001
1,1490,0.4851500000000001,97,95,19,0.014849999999999919,0.0,0,0.0,0,0,0.0,50,0.0,0.0,0.4851500000000001,0,6,0.0,0.0,0.0,0.4851500000000001
1,1495,0.4851500000000001,97,95,19,0.014849999999999919,0.0,0,0.0,0,0,0.0,50,0.0,0.0,0.4851500000000001,0,6,0.0,0.0,0.0,0.4851500000000001
1,1500,0.4851500000000001,97,95,19,0.014849999999999919,0.0,0,0.0,0,0,0.0,50,0.0,0.0,0.4851500000000001,0,6,0.0,0.0,0.0,0.4851500000000001
1,1505,0.4851500000000001,97,95,19,0.014849999999999919,0.0,0,0.0,0,0,0.0,50,0.0,0.0,0.4851500000000001,0,6,0.0,0.0,0.0,0.4851500000000001
1,1510,0.4851500000000001,97,95,19,0.014849999999999919,0.0,0,0.0,0,0,0.0,50,0.0,0.0,0.4851500000000001,0,6,0.0,0.0,0.0,0.4851500000000001
1,1515,0.4851500000000001,97,95,19,0.014849999999999919,0.0,0,0.0,0,0,0.0,50,0.0,0.0,0.4851500000000001,0,6,0.0,0.0,0.0,0.4851500000000001
1,1520,0.4851500000000001,97,95,19,0.014849999999999919,0.0,0,0.0,0,0,0.0,50,0.0,0.0,0.4851500000000001,0,6,0.0,0.0,0.0,0.4851500000000001
1,1525,0.4851500000000001,97,95,19,0.014849999999999919,0.0,0,0.0,0,0,0.0,50,0.0,0.0,0.4851500000000001,0,6,0.0,0.0,0.0,0.4851500000000001
1,1530,0.4851500000000001,97,95,19,0.014849999999999919,0.0,0,0.0,0,0,0.0,50,0.0,0.0,0.4851500000000001,0,6,0.0,0.0,0.0,0.4851500000000001
1,1535,0.4851500000000001,97,95,19,0.014849999999999919,0.0,0,0.0,0,0,0.0,50,0.0,0.0,0.4851500000000001,0,6,0.0,0.0,0.0,0.4851500000000001
1,1540,0.4851500000000001,97,95,19,0.014849999999999919,0.0,0,0.0,0,0,0.0,50,0.0,0.0,0.4851500000000001,0,6,0.0,0.0,0.0,0.4851500000000001
1,1545,0.4851500000000001,97,95,19,0.014849999999999919,0.0,0,0.0,0,0,0.0,50,0.0,0.0,0.4851500000000001,0,6,0.0,0.0,0.0,0.4851500000000001
1,1550,0.4851500000000001,97,95,19,0.014849999999999919,0.0,0,0.0,0,0,0.0,50,0.0,0.0,0.4851500000000001,0,6,0.0,0.0,0.0,0.4851500000000001
1,1555,0.4851500000000001,97,95,19,0.014849999999999919,0.0,0,0.0,0,0,0.0,50,0.0,0.0,0.4851500000000001,0,6,0.0,0.0,0.0,0.4851500000000001
1,1560,0.4851500000000001,97,95,19,0.014849999999999919,0.0,0,0.0,0,0,0.0,50,0.0,0.0,0.4851500000000001,1,6,0.0,0.0,0.0,0.4851500000000001
1,1565,0.4851500000000001,97,95,19,0.014849999999999919,0.0,0,0.0,0,0,0.0,50,0.0,0.0,0.4851500000000001,1,6,0.0,0.0,0.0,0.4851500000000001
1,1570,0.4851500000000001,97,95,19,0.014849999999999919,0.0,0,0.0,0,0,0.0,50,0.0,0.0,0.4851500000000001,1,6,0.0,0.0,0.0,0.4851500000000001
1,1575,0.4851500000000001,97,95,19,0.014849999999999919,0.0,0,0.0,0,0,0.0,50,0.0,0.0,0.4851500000000001,1,6,0.0,0.0,0.0,0.4851500000000001
1,1580,0.4851500000000001,97,95,19,0.014849999999999919,0.0,0,0.0,0,0,0.0,50,0.0,0.0,0.4851500000000001,1,6,0.0,0.0,0.0,0.4851500000000001
1,1585,0.4851500000000001,97,95,19,0.014849999999999919,0.0,0,0.0,0,0,0.0,50,0.0,0.0,0.4851500000000001,1,6,0.0,0.0,0.0,0.4851500000000001
1,1590,0.4851500000000001,97,95,19,0.014849999999999919,0.0,0,0.0,0,0,0.0,50,0.0,0.0,0.4851500000000001,1,6,0.0,0.0,0.0,0.4851500000000001
1,1595,0.4851500000000001,97,95,19,0.014849999999999919,0.0,0,0.0,0,0,0.0,50,0.0,0.0,0.4851500000000001,1,6,0.0,0.0,0.0,0.4851500000000001
1,1600,0.4851500000000001,97,95,19,0.014849999999999919,0.0,0,0.0,0,0,0.0,50,0.0,0.0,0.4851500000000001,1,6,0.0,0.0,0.0,0.4851500000000001
1,1605,0.4851500000000001,97,95,19,0.014849999999999919,0.0,0,0.0,0,0,0.0,50,0.0,0.0,0.4851500000000001,1,6,0.0,0.0,0.0,0.4851500000000001
1,1610,0.4851500000000001,97,95,19,0.014849999999999919,0.0,0,0.0,0,0,0.0,50,0.0,0.0,0.4851500000000001,1,6,0.0,0.0,0.0,0.4851500000000001
1,1615,0.4851500000000001,97,95,19,0.014849999999999919,0.0,0,0.0,0,0,0.0,50,0.0,0.0,0.4851500000000001,1,6,0.0,0.0,0.0,0.4851500000000001
1,1620,0.4851500000000001,97,95,19,0.014849999999999919,0.0,0,0.0,0,0,0.0,50,0.0,0.0,0.4851500000000001,1,6,0.0,0.0,0.0,0.4851500000000001
1,1625,0.4851500000000001,97,95,19,0.014849999999999919,0.0,0,0.0,0,0,0.0,50,0.0,0.0,0.4851500000000001,1,6,0.0,0.0,0.0,0.4851500000000001
1,1630,0.4851500000000001,97,95,19,0.014849999999999919,0.0,0,0.0,0,0,0.0,50,0.0,0.0,0.4851500000000001,1,6,0.0,0.0,0.0,0.4851500000000001
1,1635,0.4851500000000001,97,95,19,0.014849999999999919,0.0,0,0.0,0,0,0.0,50,0.0,0.0,0.4851500000000001,1,6,0.0,0.0,0.0,0.4851500000000001
1,1640,0.4851500000000001,97,95,19,0.014849999999999919,0.0,0,0.0,0,0,0.0,50,0.0,0.0,0.4851500000000001,1,6,0.0,0.0,0.0,0.4851500000000001
1,1645,0.4851500000000001,97,95,19,0.014849999999999919,0.0,0,0.0,0,0,0.0,50,0.0,0.0,0.4851500000000001,1,6,0.0,0.0,0.0,0.4851500000000001
1,1650,0.4851500000000001,97,95,19,0.014849999999999919,0.0,0,0.0,0,0,0.0,50,0.0,0.0,0.4851500000000001,1,6,0.0,0.0,0.0,0.4851500000000001
1,1655,0.4851500000000001,97,95,19,0.014849999999999919,0.0,0,0.0,0,0,0.0,50,0.0,0.0,0.4851500000000001,1,6,0.0,0.0,0.0,0.4851500000000001
1,1660,0.4851500000000001,97,95,19,0.014849999999999919,0.0,0,0.0,0,0,0.0,50,0.0,0.0,0.4851500000000001,1,6,0.0,0.0,0.0,0.4851500000000001
1,1665,0.4851500000000001,97,95,19,0.014849999999999919,0.0,0,0.0,0,0,0.0,50,0.0,0.0,0.4851500000000001,1,6,0.0,0.0,0.0,0.4851500000000001
1,1670,0.4851500000000001,97,95,19,0.014849999999999919,0.0,0,0.0,0,0,0.0,50,0.0,0.0,0.4851500000000001,1,6,0.0,0.0,0.0,0.4851500000000001
1,1675,0.4851500000000001,97,95,19,0.014849999999999919,0.0,0,0.0,0,0,0.0,50,0.0,0.0,0.4851500000000001,1,6,0.0,0.0,0.0,0.4851500000000001
1,1680,0.4851500000000001,97,95,19,0.014849999999999919,0.0,0,0.0,0,0,0.0,50,0.0,0.0,0.4851500000000001,2,6,0.0,0.0,0.0,0.4851500000000001
1,1685,0.4851500000000001,97,95,19,0.014849999999999919,0.0,0,0.0,0,0,0.0,50,0.0,0.0,0.4851500000000001,2,6,0.0,0.0,0.0,0.4851500000000001
1,1690,0.4851500000000001,97,95,19,0.014849999999999919,0.0,0,0.0,0,0,0.0,50,0.0,0.0,0.4851500000000001,2,6,0.0,0.0,0.0,0.4851500000000001
1,1695,0.4851500000000001,97,95,19,0.014849999999999919,0.0,0,0.0,0,0,0.0,50,0.0,0.0,0.4851500000000001,2,6,0.0,0.0,0.0,0.4851500000000001
1,1700,0.4851500000000001,97,95,19,0.014849999999999919,0.0,0,0.0,0,0,0.0,50,0.0,0.0,0.4851500000000001,2,6,0.0,0.0,0.0,0.4851500000000001
1,1705,0.4851500000000001,97,95,19,0.014849999999999919,0.0,0,0.0,0,0,0.0,50,0.0,0.0,0.4851500000000001,2,6,0.0,0.0,0.0,0.4851500000000001
1,1710,0.4851500000000001,97,95,19,0.014849999999999919,0.0,0,0.0,0,0,0.0,50,0.0,0.0,0.4851500000000001,2,6,0.0,0.0,0.0,0.4851500000000001
1,1715,0.4851500000000001,97,95,19,0.014849999999999919,0.0,0,0.0,0,0,0.0,50,0.0,0.0,0.4851500000000001,2,6,0.0,0.0,0.0,0.4851500000000001
1,1720,0.4851500000000001,97,95,19,0.014849999999999919,0.0,0,0.0,0,0,0.0,50,0.0,0.0,0.4851500000000001,2,6,0.0,0.0,0.0,0.4851500000000001
1,1725,0.4851500000000001,97,95,19,0.014849999999999919,0.0,0,0.0,0,0,0.0,50,0.0,0.0,0.4851500000000001,2,6,0.0,0.0,0.0,0.4851500000000001
1,1730,0.4851500000000001,97,95,19,0.014849999999999919,0.0,0,0.0,0,0,0.0,50,0.0,0.0,0.4851500000000001,2,6,0.0,0.0,0.0,0.4851500000000001
1,1735,0.4851500000000001,97,95,19,0.014849999999999919,0.0,0,0.0,0,0,0.0,50,0.0,0.0,0.4851500000000001,2,6,0.0,0.0,0.0,0.4851500000000001
1,1740,0.4851500000000001,97,95,19,0.014849999999999919,0.0,0,0.0,0,0,0.0,50,0.0,0.0,0.4851500000000001,2,6,0.0,0.0,0.0,0.4851500000000001
1,1745,0.4851500000000001,97,95,19,0.014849999999999919,0.0,0,0.0,0,0,0.0,50,0.0,0.0,0.4851500000000001,2,6,0.0,0.0,0.0,0.4851500000000001
1,1750,0.4851500000000001,97,95,19,0.014849999999999919,0.0,0,0.0,0,0,0.0,50,0.0,0.0,0.4851500000000001,2,6,0.0,0.0,0.0,0.4851500000000001
1,1755,0.4851500000000001,97,95,19,0.014849999999999919,0.0,0,0.0,0,0,0.0,50,0.0,0.0,0.4851500000000001,2,6,0.0,0.0,0.0,0.4851500000000001
1,1760,0.4851500000000001,97,95,19,0.014849999999999919,0.0,0,0.0,0,0,0.0,50,0.0,0.0,0.4851500000000001,2,6,0.0,0.0,0.0,0.4851500000000001
1,1765,0.4851500000000001,97,95,19,0.014849999999999919,0.0,0,0.0,0,0,0.0,50,0.0,0.0,0.4851500000000001,2,6,0.0,0.0,0.0,0.4851500000000001
1,1770,0.4851500000000001,97,95,19,0.014849999999999919,0.0,0,0.0,0,0,0.0,50,0.0,0.0,0.4851500000000001,2,6,0.0,0.0,0.0,0.4851500000000001
1,1775,0.4851500000000001,97,95,19,0.014849999999999919,0.0,0,0.0,0,0,0.0,50,0.0,0.0,0.4851500000000001,2,6,0.0,0.0,0.0,0.4851500000000001
1,1780,0.4851500000000001,97,95,19,0.014849999999999919,0.0,0,0.0,0,0,0.0,50,0.0,0.0,0.4851500000000001,2,6,0.0,0.0,0.0,0.4851500000000001
1,1785,0.4851500000000001,97,95,19,0.014849999999999919,0.0,0,0.0,0,0,0.0,50,0.0,0.0,0.4851500000000001,2,6,0.0,0.0,0.0,0.4851500000000001
1,1790,0.4851500000000001,97,95,19,0.014849999999999919,0.0,0,0.0,0,0,0.0,50,0.0,0.0,0.4851500000000001,2,6,0.0,0.0,0.0,0.4851500000000001
1,1795,0.4851500000000001,97,95,19,0.014849999999999919,0.0,0,0.0,0,0,0.0,50,0.0,0.0,0.4851500000000001,2,6,0.0,0.0,0.0,0.4851500000000001
1,1800,0.4851500000000001,97,95,19,0.014849999999999919,0.0,0,0.0,0,0,0.0,50,0.0,0.0,0.4851500000000001,3,6,0.005,0.025,0.025,0.46015000000000006
1,1805,0.46015000000000006,92,90,18,0.03984999999999994,0.0,0,0.0,0,0,0.0,60,0.0,0.0,0.46015000000000006,3,6,0.005,0.025,0.025,0.43515000000000004
1,1810,0.43515000000000004,87,85,17,0.06484999999999996,0.0,0,0.0,0,0,0.0,70,0.0,0.0,0.43515000000000004,3,6,0.005,0.025,0.025,0.41015
1,1815,0.41015,82,80,16,0.08984999999999999,0.0,0,0.0,0,0,0.0,80,0.0,0.0,0.41015,3,6,0.005,0.025,0.025,0.38515
1,1820,0.38515,77,75,15,0.11485000000000001,0.0,0,0.0,0,0,0.0,85,0.0,0.0,0.38515,3,6,0.005,0.025,0.025,0.36014999999999997
1,1825,0.36014999999999997,72,70,14,0.13985000000000003,0.0,0,0.0,0,0,0.0,88,0.0,0.0,0.36014999999999997,3,6,0.005,0.025,0.025,0.33514999999999995
1,1830,0.33514999999999995,67,65,13,0.16485000000000005,0.0,0,0.0,0,0,0.0,90,0.0,0.0,0.33514999999999995,3,6,0.005,0.025,0.025,0.3101499999999999
1,1835,0.3101499999999999,62,60,12,0.18985000000000007,0.0,0,0.0,0,0,0.0,92,0.0,0.0,0.3101499999999999,3,6,0.005,0.025,0.025,0.2851499999999999
1,1840,0.2851499999999999,57,55,11,0.2148500000000001,0.0,0,0.0,0,0,0.0,95,0.0,0.0,0.2851499999999999,3,6,0.005,0.025,0.025,0.2601499999999999
1,1845,0.2601499999999999,52,50,10,0.23985000000000012,0.0,0,0.0,0,0,0.0,95,0.0,0.0,0.2601499999999999,3,6,0.005,0.025,0.025,0.2351499999999999
1,1850,0.2351499999999999,47,45,9,0.26485000000000014,0.0,0,0.0,0,0.25,0.25,95,0.2375,0.012500000000000011,0.4726499999999999,3,6,0.005,0.025,0.025,0.4476499999999999
1,1855,0.4476499999999999,89,85,17,0.05235000000000012,0.0,0,0.0,0,0,0.0,70,0.0,0.0,0.4476499999999999,3,6,0.005,0.025,0.025,0.42264999999999986
1,1860,0.42264999999999986,84,80,16,0.07735000000000014,0.0,0,0.0,0,0,0.0,80,0.0,0.0,0.42264999999999986,3,6,0.005,0.025,0.025,0.39764999999999984
1,1865,0.39764999999999984,79,75,15,0.10235000000000016,0.0,0,0.0,0,0,0.0,85,0.0,0.0,0.39764999999999984,3,6,0.005,0.025,0.025,0.3726499999999998
1,1870,0.3726499999999998,74,70,14,0.12735000000000019,0.0,0,0.0,0,0,0.0,88,0.0,0.0,0.3726499999999998,3,6,0.005,0.025,0.025,0.3476499999999998
1,1875,0.3476499999999998,69,65,13,0.1523500000000002,0.0,0,0.0,0,0,0.0,90,0.0,0.0,0.3476499999999998,3,6,0.005,0.025,0.025,0.32264999999999977
1,1880,0.32264999999999977,64,60,12,0.17735000000000023,0.0,0,0.0,0,0,0.0,92,0.0,0.0,0.32264999999999977,3,6,0.005,0.025,0.025,0.29764999999999975
1,1885,0.29764999999999975,59,55,11,0.20235000000000025,0.0,0,0.0,0,0,0.0,95,0.0,0.0,0.29764999999999975,3,6,0.005,0.025,0.025,0.2726499999999997
1,1890,0.2726499999999997,54,50,10,0.22735000000000027,0.0,0,0.0,0,0,0.0,95,0.0,0.0,0.2726499999999997,3,6,0.005,0.025,0.025,0.24764999999999973
1,1895,0.24764999999999973,49,45,9,0.2523500000000003,0.0,0,0.0,0,0.25,0.25,95,0.2375,0.012500000000000011,0.48514999999999975,3,6,0.005,0.025,0.025,0.4601499999999997
1,1900,0.4601499999999997,92,90,18,0.039850000000000274,0.0,0,0.0,0,0,0.0,60,0.0,0.0,0.4601499999999997,3,6,0.005,0.025,0.025,0.4351499999999997
1,1905,0.4351499999999997,87,85,17,0.0648500000000003,0.0,0,0.0,0,0,0.0,70,0.0,0.0,0.4351499999999997,3,6,0.005,0.025,0.025,0.4101499999999997
1,1910,0.4101499999999997,82,80,16,0.08985000000000032,0.0,0,0.0,0,0,0.0,80,0.0,0.0,0.4101499999999997,3,6,0.005,0.025,0.025,0.38514999999999966
1,1915,0.38514999999999966,77,75,15,0.11485000000000034,0.0,0,0.0,0,0,0.0,85,0.0,0.0,0.38514999999999966,3,6,0.005,0.025,0.025,0.36014999999999964
1,1920,0.36014999999999964,72,70,14,0.13985000000000036,0.0,0,0.0,0,0,0.0,88,0.0,0.0,0.36014999999999964,4,6,0.0066,0.033,0.033,0.3271499999999996
1,1925,0.3271499999999996,65,65,13,0.1728500000000004,0.0,0,0.0,0,0,0.0,90,0.0,0.0,0.3271499999999996,4,6,0.0066,0.033,0.033,0.2941499999999996
1,1930,0.2941499999999996,58,55,11,0.20585000000000042,0.0,0,0.0,0,0,0.0,95,0.0,0.0,0.2941499999999996,4,6,0.0066,0.033,0.033,0.26114999999999955
1,1935,0.26114999999999955,52,50,10,0.23885000000000045,0.0,0,0.0,0,0,0.0,95,0.0,0.0,0.26114999999999955,4,6,0.0066,0.033,0.033,0.22814999999999955
1,1940,0.22814999999999955,45,45,9,0.2718500000000005,0.0,0,0.0,0,0.25,0.25,95,0.2375,0.012500000000000011,0.46564999999999956,4,6,0.0066,0.033,0.033,0.43264999999999953
1,1945,0.43264999999999953,86,85,17,0.06735000000000047,0.0,0,0.0,0,0,0.0,70,0.0,0.0,0.43264999999999953,4,6,0.0066,0.033,0.033,0.3996499999999995
1,1950,0.3996499999999995,79,75,15,0.1003500000000005,0.0,0,0.0,0,0,0.0,85,0.0,0.0,0.3996499999999995,4,6,0.0066,0.033,0.033,0.3666499999999995
1,1955,0.3666499999999995,73,70,14,0.13335000000000052,0.0,0,0.0,0,0,0.0,88,0.0,0.0,0.3666499999999995,4,6,0.0066,0.033,0.033,0.33364999999999945
1,1960,0.33364999999999945,66,65,13,0.16635000000000055,0.0,0,0.0,0,0,0.0,90,0.0,0.0,0.33364999999999945,4,6,0.0066,0.033,0.033,0.3006499999999994
1,1965,0.3006499999999994,60,60,12,0.19935000000000058,0.0,0,0.0,0,0,0.0,92,0.0,0.0,0.3006499999999994,4,6,0.0066,0.033,0.033,0.2676499999999994
1,1970,0.2676499999999994,53,50,10,0.2323500000000006,0.0,0,0.0,0,0,0.0,95,0.0,0.0,0.2676499999999994,4,6,0.0066,0.033,0.033,0.2346499999999994
1,1975,0.2346499999999994,46,45,9,0.26535000000000064,0.0,0,0.0,0,0.25,0.25,95,0.2375,0.012500000000000011,0.4721499999999994,4,6,0.0066,0.033,0.033,0.4391499999999994
1,1980,0.4391499999999994,87,85,17,0.060850000000000626,0.0,0,0.0,0,0,0.0,70,0.0,0.0,0.4391499999999994,4,6,0.0066,0.033,0.033,0.40614999999999934
1,1985,0.40614999999999934,81,80,16,0.09385000000000066,0.0,0,0.0,0,0,0.0,80,0.0,0.0,0.40614999999999934,4,6,0.0066,0.033,0.033,0.3731499999999993
1,1990,0.3731499999999993,74,70,14,0.12685000000000068,0.0,0,0.0,0,0,0.0,88,0.0,0.0,0.3731499999999993,4,6,0.0066,0.033,0.033,0.3401499999999993
1,1995,0.3401499999999993,68,65,13,0.1598500000000007,0.0,0,0.0,0,0,0.0,90,0.0,0.0,0.3401499999999993,4,6,0.0066,0.033,0.033,0.30714999999999926
1,2000,0.30714999999999926,61,60,12,0.19285000000000074,0.0,0,0.0,0,0,0.0,92,0.0,0.0,0.30714999999999926,4,6,0.0066,0.033,0.033,0.2741499999999992
1,2005,0.2741499999999992,54,50,10,0.22585000000000077,0.0,0,0.0,0,0,0.0,95,0.0,0.0,0.2741499999999992,4,6,0.0066,0.033,0.033,0.24114999999999923
1,2010,0.24114999999999923,48,45,9,0.2588500000000008,0.0,0,0.0,0,0.25,0.25,95,0.2375,0.012500000000000011,0.47864999999999924,4,6,0.0066,0.033,0.033,0.4456499999999992
1,2015,0.4456499999999992,89,85,17,0.05435000000000079,0.0,0,0.0,0,0,0.0,70,0.0,0.0,0.4456499999999992,4,6,0.0066,0.033,0.033,0.4126499999999992
1,2020,0.4126499999999992,82,80,16,0.08735000000000082,0.0,0,0.0,0,0,0.0,80,0.0,0.0,0.4126499999999992,4,6,0.0066,0.033,0.033,0.37964999999999915
1,2025,0.37964999999999915,75,75,15,0.12035000000000085,0.0,0,0.0,0,0,0.0,85,0.0,0.0,0.37964999999999915,4,6,0.0066,0.033,0.033,0.3466499999999991
1,2030,0.3466499999999991,69,65,13,0.15335000000000087,0.0,0,0.0,0,0,0.0,90,0.0,0.0,0.3466499999999991,4,6,0.0066,0.033,0.033,0.3136499999999991
1,2035,0.3136499999999991,62,60,12,0.1863500000000009,0.0,0,0.0,0,0,0.0,92,0.0,0.0,0.3136499999999991,4,6,0.0066,0.033,0.033,0.28064999999999907
1,2040,0.28064999999999907,56,55,11,0.21935000000000093,0.0,0,0.0,0,0,0.0,95,0.0,0.0,0.28064999999999907,5,6,0.0089,0.0445,0.0445,0.23614999999999908
1,2045,0.23614999999999908,47,45,9,0.2638500000000009,0.0,0,0.0,0,0.25,0.25,95,0.2375,0.012500000000000011,0.47364999999999907,5,6,0.0089,0.0445,0.0445,0.4291499999999991
1,2050,0.4291499999999991,85,85,17,0.07085000000000091,0.0,0,0.0,0,0,0.0,70,0.0,0.0,0.4291499999999991,5,6,0.0089,0.0445,0.0445,0.3846499999999991
1,2055,0.3846499999999991,76,75,15,0.1153500000000009,0.0,0,0.0,0,0,0.0,85,0.0,0.0,0.3846499999999991,5,6,0.0089,0.0445,0.0445,0.3401499999999991
1,2060,0.3401499999999991,68,65,13,0.15985000000000088,0.0,0,0.0,0,0,0.0,90,0.0,0.0,0.3401499999999991,5,6,0.0089,0.0445,0.0445,0.29564999999999914
1,2065,0.29564999999999914,59,55,11,0.20435000000000086,0.0,0,0.0,0,0,0.0,95,0.0,0.0,0.29564999999999914,5,6,0.0089,0.0445,0.0445,0.25114999999999915
1,2070,0.25114999999999915,50,50,10,0.24885000000000085,0.0,0,0.0,0,0,0.0,95,0.0,0.0,0.25114999999999915,5,6,0.0089,0.0445,0.0445,0.20664999999999917
1,2075,0.20664999999999917,41,40,8,0.29335000000000083,0.0,0,0.0,0,0.25,0.25,95,0.2375,0.012500000000000011,0.44414999999999916,5,6,0.0089,0.0445,0.0445,0.3996499999999992
1,2080,0.3996499999999992,79,75,15,0.10035000000000083,0.0,0,0.0,0,0,0.0,85,0.0,0.0,0.3996499999999992,5,6,0.0089,0.0445,0.0445,0.3551499999999992
1,2085,0.3551499999999992,71,70,14,0.1448500000000008,0.0,0,0.0,0,0,0.0,88,0.0,0.0,0.3551499999999992,5,6,0.0089,0.0445,0.0445,0.3106499999999992
1,2090,0.3106499999999992,62,60,12,0.1893500000000008,0.0,0,0.0,0,0,0.0,92,0.0,0.0,0.3106499999999992,5,6,0.0089,0.0445,0.0445,0.2661499999999992
1,2095,0.2661499999999992,53,50,10,0.23385000000000078,0.0,0,0.0,0,0,0.0,95,0.0,0.0,0.2661499999999992,5,6,0.0089,0.0445,0.0445,0.22164999999999924
1,2100,0.22164999999999924,44,40,8,0.27835000000000076,0.0,0,0.0,0,0.25,0.25,95,0.2375,0.012500000000000011,0.4591499999999992,5,6,0.0089,0.0445,0.0445,0.41464999999999924
1,2105,0.41464999999999924,82,80,16,0.08535000000000076,0.0,0,0.0,0,0,0.0,80,0.0,0.0,0.41464999999999924,5,6,0.0089,0.0445,0.0445,0.37014999999999926
1,2110,0.37014999999999926,74,70,14,0.12985000000000074,0.0,0,0.0,0,0,0.0,88,0.0,0.0,0.37014999999999926,5,6,0.0089,0.0445,0.0445,0.3256499999999993
1,2115,0.3256499999999993,65,65,13,0.17435000000000073,0.0,0,0.0,0,0,0.0,90,0.0,0.0,0.3256499999999993,5,6,0.0089,0.0445,0.0445,0.2811499999999993
1,2120,0.2811499999999993,56,55,11,0.2188500000000007,0.0,0,0.0,0,0,0.0,95,0.0,0.0,0.2811499999999993,5,6,0.0089,0.0445,0.0445,0.2366499999999993
1,2125,0.2366499999999993,47,45,9,0.2633500000000007,0.0,0,0.0,0,0.25,0.25,95,0.2375,0.012500000000000011,0.4741499999999993,5,6,0.0089,0.0445,0.0445,0.4296499999999993
1,2130,0.4296499999999993,85,85,17,0.07035000000000069,0.0,0,0.0,0,0,0.0,70,0.0,0.0,0.4296499999999993,5,6,0.0089,0.0445,0.0445,0.3851499999999993
1,2135,0.3851499999999993,77,75,15,0.11485000000000067,0.0,0,0.0,0,0,0.0,85,0.0,0.0,0.3851499999999993,5,6,0.0089,0.0445,0.0445,0.34064999999999934
1,2140,0.34064999999999934,68,65,13,0.15935000000000066,0.0,0,0.0,0,0,0.0,90,0.0,0.0,0.34064999999999934,5,6,0.0089,0.0445,0.0445,0.29614999999999936
1,2145,0.29614999999999936,59,55,11,0.20385000000000064,0.0,0,0.0,0,0,0.0,95,0.0,0.0,0.29614999999999936,5,6,0.0089,0.0445,0.0445,0.2516499999999994
1,2150,0.2516499999999994,50,50,10,0.24835000000000063,0.0,0,0.0,0,0,0.0,95,0.0,0.0,0.2516499999999994,5,6,0.0089,0.0445,0.0445,0.2071499999999994
1,2155,0.2071499999999994,41,40,8,0.2928500000000006,0.0,0,0.0,0,0.25,0.25,95,0.2375,0.012500000000000011,0.4446499999999994,5,6,0.0089,0.0445,0.0445,0.4001499999999994
1,2160,0.4001499999999994,80,80,16,0.0998500000000006,0.0,0,0.0,0,0,0.0,80,0.0,0.0,0.4001499999999994,6,6,0.0104,0.052,0.052,0.3481499999999994
1,2165,0.3481499999999994,69,65,13,0.1518500000000006,0.0,0,0.0,0,0,0.0,90,0.0,0.0,0.3481499999999994,6,6,0.0104,0.052,0.052,0.2961499999999994
1,2170,0.2961499999999994,59,55,11,0.2038500000000006,0.0,0,0.0,0,0,0.0,95,0.0,0.0,0.2961499999999994,6,6,0.0104,0.052,0.052,0.24414999999999942
1,2175,0.24414999999999942,48,45,9,0.2558500000000006,0.0,0,0.0,0,0.25,0.25,95,0.2375,0.012500000000000011,0.4816499999999994,6,6,0.0104,0.052,0.052,0.4296499999999994
1,2180,0.4296499999999994,85,85,17,0.07035000000000058,0.0,0,0.0,0,0,0.0,70,0.0,0.0,0.4296499999999994,6,6,0.0104,0.052,0.052,0.37764999999999943
1,2185,0.37764999999999943,75,75,15,0.12235000000000057,0.0,0,0.0,0,0,0.0,85,0.0,0.0,0.37764999999999943,6,6,0.0104,0.052,0.052,0.32564999999999944
1,2190,0.32564999999999944,65,65,13,0.17435000000000056,0.0,0,0.0,0,0,0.0,90,0.0,0.0,0.32564999999999944,6,6,0.0104,0.052,0.052,0.27364999999999945
1,2195,0.27364999999999945,54,50,10,0.22635000000000055,0.0,0,0.0,0,0,0.0,95,0.0,0.0,0.27364999999999945,6,6,0.0104,0.052,0.052,0.22164999999999946
1,2200,0.22164999999999946,44,40,8,0.27835000000000054,0.0,0,0.0,0,0.25,0.25,95,0.2375,0.012500000000000011,0.45914999999999945,6,6,0.0104,0.052,0.052,0.40714999999999946
1,2205,0.40714999999999946,81,80,16,0.09285000000000054,0.0,0,0.0,0,0,0.0,80,0.0,0.0,0.40714999999999946,6,6,0.0104,0.052,0.052,0.35514999999999947
1,2210,0.35514999999999947,71,70,14,0.14485000000000053,0.0,0,0.0,0,0,0.0,88,0.0,0.0,0.35514999999999947,6,6,0.0104,0.052,0.052,0.3031499999999995
1,2215,0.3031499999999995,60,60,12,0.19685000000000052,0.0,0,0.0,0,0,0.0,92,0.0,0.0,0.3031499999999995,6,6,0.0104,0.052,0.052,0.2511499999999995
1,2220,0.2511499999999995,50,50,10,0.24885000000000052,0.0,0,0.0,0,0,0.0,95,0.0,0.0,0.2511499999999995,6,6,0.0104,0.052,0.052,0.1991499999999995
1,2225,0.1991499999999995,39,35,7,0.3008500000000005,0.0,0,0.0,0,0.25,0.25,93,0.2325,0.017499999999999988,0.43164999999999953,6,6,0.0104,0.052,0.052,0.37964999999999954
1,2230,0.37964999999999954,75,75,15,0.12035000000000046,0.0,0,0.0,0,0,0.0,85,0.0,0.0,0.37964999999999954,6,6,0.0104,0.052,0.052,0.32764999999999955
1,2235,0.32764999999999955,65,65,13,0.17235000000000045,0.0,0,0.0,0,0,0.0,90,0.0,0.0,0.32764999999999955,6,6,0.0104,0.052,0.052,0.27564999999999956
1,2240,0.27564999999999956,55,55,11,0.22435000000000044,0.0,0,0.0,0,0,0.0,95,0.0,0.0,0.27564999999999956,6,6,0.0104,0.052,0.052,0.22364999999999957
1,2245,0.22364999999999957,44,40,8,0.27635000000000043,0.0,0,0.0,0,0.25,0.25,95,0.2375,0.012500000000000011,0.46114999999999956,6,6,0.0104,0.052,0.052,0.40914999999999957
1,2250,0.40914999999999957,81,80,16,0.09085000000000043,0.0,0,0.0,0,0,0.0,80,0.0,0.0,0.40914999999999957,6,6,0.0104,0.052,0.052,0.3571499999999996
1,2255,0.3571499999999996,71,70,14,0.14285000000000042,0.0,0,0.0,0,0,0.0,88,0.0,0.0,0.3571499999999996,6,6,0.0104,0.052,0.052,0.3051499999999996
1,2260,0.3051499999999996,61,60,12,0.1948500000000004,0.0,0,0.0,0,0,0.0,92,0.0,0.0,0.3051499999999996,6,6,0.0104,0.052,0.052,0.2531499999999996
1,2265,0.2531499999999996,50,50,10,0.2468500000000004,0.0,0,0.0,0,0,0.0,95,0.0,0.0,0.2531499999999996,6,6,0.0104,0.052,0.052,0.2011499999999996
1,2270,0.2011499999999996,40,40,8,0.2988500000000004,0.0,0,0.0,0,0.25,0.25,95,0.2375,0.012500000000000011,0.4386499999999996,6,6,0.0104,0.052,0.052,0.3866499999999996
1,2275,0.3866499999999996,77,75,15,0.1133500000000004,0.0,0,0.0,0,0,0.0,85,0.0,0.0,0.3866499999999996,6,6,0.0104,0.052,0.052,0.3346499999999996
1,2280,0.3346499999999996,66,65,13,0.16535000000000039,0.0,0,0.0,0,0,0.0,90,0.0,0.0,0.3346499999999996,7,6,0.0099,0.0495,0.0495,0.2851499999999996
1,2285,0.2851499999999996,57,55,11,0.21485000000000037,0.0,0,0.0,0,0,0.0,95,0.0,0.0,0.2851499999999996,7,6,0.0099,0.0495,0.0495,0.23564999999999964
1,2290,0.23564999999999964,47,45,9,0.26435000000000036,0.0,0,0.0,0,0.25,0.25,95,0.2375,0.012500000000000011,0.4731499999999996,7,6,0.0099,0.0495,0.0495,0.42364999999999964
1,2295,0.42364999999999964,84,80,16,0.07635000000000036,0.0,0,0.0,0,0,0.0,80,0.0,0.0,0.42364999999999964,7,6,0.0099,0.0495,0.0495,0.37414999999999965
1,2300,0.37414999999999965,74,70,14,0.12585000000000035,0.0,0,0.0,0,0,0.0,88,0.0,0.0,0.37414999999999965,7,6,0.0099,0.0495,0.0495,0.32464999999999966
1,2305,0.32464999999999966,64,60,12,0.17535000000000034,0.0,0,0.0,0,0,0.0,92,0.0,0.0,0.32464999999999966,7,6,0.0099,0.0495,0.0495,0.2751499999999997
1,2310,0.2751499999999997,55,55,11,0.22485000000000033,0.0,0,0.0,0,0,0.0,95,0.0,0.0,0.2751499999999997,7,6,0.0099,0.0495,0.0495,0.22564999999999968
1,2315,0.22564999999999968,45,45,9,0.2743500000000003,0.0,0,0.0,0,0.25,0.25,95,0.2375,0.012500000000000011,0.4631499999999997,7,6,0.0099,0.0495,0.0495,0.4136499999999997
1,2320,0.4136499999999997,82,80,16,0.08635000000000032,0.0,0,0.0,0,0,0.0,80,0.0,0.0,0.4136499999999997,7,6,0.0099,0.0495,0.0495,0.3641499999999997
1,2325,0.3641499999999997,72,70,14,0.1358500000000003,0.0,0,0.0,0,0,0.0,88,0.0,0.0,0.3641499999999997,7,6,0.0099,0.0495,0.0495,0.3146499999999997
1,2330,0.3146499999999997,62,60,12,0.1853500000000003,0.0,0,0.0,0,0,0.0,92,0.0,0.0,0.3146499999999997,7,6,0.0099,0.0495,0.0495,0.2651499999999997
1,2335,0.2651499999999997,53,50,10,0.23485000000000028,0.0,0,0.0,0,0,0.0,95,0.0,0.0,0.2651499999999997,7,6,0.0099,0.0495,0.0495,0.21564999999999973
1,2340,0.21564999999999973,43,40,8,0.28435000000000027,0.0,0,0.0,0,0.25,0.25,95,0.2375,0.012500000000000011,0.4531499999999997,7,6,0.0099,0.0495,0.0495,0.40364999999999973
1,2345,0.40364999999999973,80,80,16,0.09635000000000027,0.0,0,0.0,0,0,0.0,80,0.0,0.0,0.40364999999999973,7,6,0.0099,0.0495,0.0495,0.35414999999999974
1,2350,0.35414999999999974,70,70,14,0.14585000000000026,0.0,0,0.0,0,0,0.0,88,0.0,0.0,0.35414999999999974,7,6,0.0099,0.0495,0.0495,0.30464999999999975
1,2355,0.30464999999999975,60,60,12,0.19535000000000025,0.0,0,0.0,0,0,0.0,92,0.0,0.0,0.30464999999999975,7,6,0.0099,0.0495,0.0495,0.25514999999999977
1,2360,0.25514999999999977,51,50,10,0.24485000000000023,0.0,0,0.0,0,0,0.0,95,0.0,0.0,0.25514999999999977,7,6,0.0099,0.0495,0.0495,0.20564999999999978
1,2365,0.20564999999999978,41,40,8,0.2943500000000002,0.0,0,0.0,0,0.25,0.25,95,0.2375,0.012500000000000011,0.44314999999999977,7,6,0.0099,0.0495,0.0495,0.3936499999999998
1,2370,0.3936499999999998,78,75,15,0.10635000000000022,0.0,0,0.0,0,0,0.0,85,0.0,0.0,0.3936499999999998,7,6,0.0099,0.0495,0.0495,0.3441499999999998
1,2375,0.3441499999999998,68,65,13,0.1558500000000002,0.0,0,0.0,0,0,0.0,90,0.0,0.0,0.3441499999999998,7,6,0.0099,0.0495,0.0495,0.2946499999999998
1,2380,0.2946499999999998,58,55,11,0.2053500000000002,0.0,0,0.0,0,0,0.0,95,0.0,0.0,0.2946499999999998,7,6,0.0099,0.0495,0.0495,0.2451499999999998
1,2385,0.2451499999999998,49,45,9,0.2548500000000002,0.0,0,0.0,0,0.25,0.25,95,0.2375,0.012500000000000011,0.4826499999999998,7,6,0.0099,0.0495,0.0495,0.4331499999999998
1,2390,0.4331499999999998,86,85,17,0.06685000000000019,0.0,0,0.0,0,0,0.0,70,0.0,0.0,0.4331499999999998,7,6,0.0099,0.0495,0.0495,0.3836499999999998
1,2395,0.3836499999999998,76,75,15,0.11635000000000018,0.0,0,0.0,0,0,0.0,85,0.0,0.0,0.3836499999999998,7,6,0.0099,0.0495,0.0495,0.33414999999999984
1,2400,0.33414999999999984,66,65,13,0.16585000000000016,0.0,0,0.0,0,0,0.0,90,0.0,0.0,0.33414999999999984,8,6,0.0079,0.03950000000000001,0.03950000000000001,0.29464999999999986
1,2405,0.29464999999999986,58,55,11,0.20535000000000014,0.0,0,0.0,0,0,0.0,95,0.0,0.0,0.29464999999999986,8,6,0.0079,0.03950000000000001,0.03950000000000001,0.2551499999999999
1,2410,0.2551499999999999,51,50,10,0.24485000000000012,0.0,0,0.0,0,0,0.0,95,0.0,0.0,0.2551499999999999,8,6,0.0079,0.03950000000000001,0.03950000000000001,0.21564999999999987
1,2415,0.21564999999999987,43,40,8,0.2843500000000001,0.0,0,0.0,0,0.25,0.25,95,0.2375,0.012500000000000011,0.45314999999999983,8,6,0.0079,0.03950000000000001,0.03950000000000001,0.41364999999999985
1,2420,0.41364999999999985,82,80,16,0.08635000000000015,0.0,0,0.0,0,0,0.0,80,0.0,0.0,0.41364999999999985,8,6,0.0079,0.03950000000000001,0.03950000000000001,0.37414999999999987
1,2425,0.37414999999999987,74,70,14,0.12585000000000013,0.0,0,0.0,0,0,0.0,88,0.0,0.0,0.37414999999999987,8,6,0.0079,0.03950000000000001,0.03950000000000001,0.3346499999999999
1,2430,0.3346499999999999,66,65,13,0.1653500000000001,0.0,0,0.0,0,0,0.0,90,0.0,0.0,0.3346499999999999,8,6,0.0079,0.03950000000000001,0.03950000000000001,0.2951499999999999
1,2435,0.2951499999999999,59,55,11,0.2048500000000001,0.0,0,0.0,0,0,0.0,95,0.0,0.0,0.2951499999999999,8,6,0.0079,0.03950000000000001,0.03950000000000001,0.25564999999999993
1,2440,0.25564999999999993,51,50,10,0.24435000000000007,0.0,0,0.0,0,0,0.0,95,0.0,0.0,0.25564999999999993,8,6,0.0079,0.03950000000000001,0.03950000000000001,0.21614999999999993
1,2445,0.21614999999999993,43,40,8,0.28385000000000005,0.0,0,0.0,0,0.25,0.25,95,0.2375,0.012500000000000011,0.4536499999999999,8,6,0.0079,0.03950000000000001,0.03950000000000001,0.4141499999999999
1,2450,0.4141499999999999,82,80,16,0.08585000000000009,0.0,0,0.0,0,0,0.0,80,0.0,0.0,0.4141499999999999,8,6,0.0079,0.03950000000000001,0.03950000000000001,0.3746499999999999
1,2455,0.3746499999999999,74,70,14,0.12535000000000007,0.0,0,0.0,0,0,0.0,88,0.0,0.0,0.3746499999999999,8,6,0.0079,0.03950000000000001,0.03950000000000001,0.33514999999999995
1,2460,0.33514999999999995,67,65,13,0.16485000000000005,0.0,0,0.0,0,0,0.0,90,0.0,0.0,0.33514999999999995,8,6,0.0079,0.03950000000000001,0.03950000000000001,0.29564999999999997
1,2465,0.29564999999999997,59,55,11,0.20435000000000003,0.0,0,0.0,0,0,0.0,95,0.0,0.0,0.29564999999999997,8,6,0.0079,0.03950000000000001,0.03950000000000001,0.25615
1,2470,0.25615,51,50,10,0.24385,0.0,0,0.0,0,0,0.0,95,0.0,0.0,0.25615,8,6,0.0079,0.03950000000000001,0.03950000000000001,0.21664999999999998
1,2475,0.21664999999999998,43,40,8,0.28335,0.0,0,0.0,0,0.25,0.25,95,0.2375,0.012500000000000011,0.45414999999999994,8,6,0.0079,0.03950000000000001,0.03950000000000001,0.41464999999999996
1,2480,0.41464999999999996,82,80,16,0.08535000000000004,0.0,0,0.0,0,0,0.0,80,0.0,0.0,0.41464999999999996,8,6,0.0079,0.03950000000000001,0.03950000000000001,0.37515
1,2485,0.37515,75,75,15,0.12485000000000002,0.0,0,0.0,0,0,0.0,85,0.0,0.0,0.37515,8,6,0.0079,0.03950000000000001,0.03950000000000001,0.33565
1,2490,0.33565,67,65,13,0.16435,0.0,0,0.0,0,0,0.0,90,0.0,0.0,0.33565,8,6,0.0079,0.03950000000000001,0.03950000000000001,0.29615
1,2495,0.29615,59,55,11,0.20384999999999998,0.0,0,0.0,0,0,0.0,95,0.0,0.0,0.29615,8,6,0.0079,0.03950000000000001,0.03950000000000001,0.25665000000000004
1,2500,0.25665000000000004,51,50,10,0.24334999999999996,0.0,0,0.0,0,0,0.0,95,0.0,0.0,0.25665000000000004,8,6,0.0079,0.03950000000000001,0.03950000000000001,0.21715000000000004
1,2505,0.21715000000000004,43,40,8,0.28284999999999993,0.0,0,0.0,0,0.25,0.25,95,0.2375,0.012500000000000011,0.45465,8,6,0.0079,0.03950000000000001,0.03950000000000001,0.41515
1,2510,0.41515,83,80,16,0.08484999999999998,0.0,0,0.0,0,0,0.0,80,0.0,0.0,0.41515,8,6,0.0079,0.03950000000000001,0.03950000000000001,0.37565000000000004
1,2515,0.37565000000000004,75,75,15,0.12434999999999996,0.0,0,0.0,0,0,0.0,85,0.0,0.0,0.37565000000000004,8,6,0.0079,0.03950000000000001,0.03950000000000001,0.33615000000000006
1,2520,0.33615000000000006,67,65,13,0.16384999999999994,0.0,0,0.0,0,0,0.0,90,0.0,0.0,0.33615000000000006,9,6,0.0067,0.0335,0.0335,0.3026500000000001
1,2525,0.3026500000000001,60,60,12,0.19734999999999991,0.0,0,0.0,0,0,0.0,92,0.0,0.0,0.3026500000000001,9,6,0.0067,0.0335,0.0335,0.2691500000000001
1,2530,0.2691500000000001,53,50,10,0.2308499999999999,0.0,0,0.0,0,0,0.0,95,0.0,0.0,0.2691500000000001,9,6,0.0067,0.0335,0.0335,0.2356500000000001
1,2535,0.2356500000000001,47,45,9,0.26434999999999986,0.0,0,0.0,0,0.25,0.25,95,0.2375,0.012500000000000011,0.47315000000000007,9,6,0.0067,0.0335,0.0335,0.4396500000000001
1,2540,0.4396500000000001,87,85,17,0.060349999999999904,0.0,0,0.0,0,0,0.0,70,0.0,0.0,0.4396500000000001,9,6,0.0067,0.0335,0.0335,0.4061500000000001
1,2545,0.4061500000000001,81,80,16,0.09384999999999988,0.0,0,0.0,0,0,0.0,80,0.0,0.0,0.4061500000000001,9,6,0.0067,0.0335,0.0335,0.37265000000000015
1,2550,0.37265000000000015,74,70,14,0.12734999999999985,0.0,0,0.0,0,0,0.0,88,0.0,0.0,0.37265000000000015,9,6,0.0067,0.0335,0.0335,0.3391500000000002
1,2555,0.3391500000000002,67,65,13,0.16084999999999983,0.0,0,0.0,0,0,0.0,90,0.0,0.0,0.3391500000000002,9,6,0.0067,0.0335,0.0335,0.3056500000000002
1,2560,0.3056500000000002,61,60,12,0.1943499999999998,0.0,0,0.0,0,0,0.0,92,0.0,0.0,0.3056500000000002,9,6,0.0067,0.0335,0.0335,0.2721500000000002
1,2565,0.2721500000000002,54,50,10,0.22784999999999977,0.0,0,0.0,0,0,0.0,95,0.0,0.0,0.2721500000000002,9,6,0.0067,0.0335,0.0335,0.23865000000000022
1,2570,0.23865000000000022,47,45,9,0.26134999999999975,0.0,0,0.0,0,0.25,0.25,95,0.2375,0.012500000000000011,0.4761500000000002,9,6,0.0067,0.0335,0.0335,0.4426500000000002
1,2575,0.4426500000000002,88,85,17,0.05734999999999979,0.0,0,0.0,0,0,0.0,70,0.0,0.0,0.4426500000000002,9,6,0.0067,0.0335,0.0335,0.40915000000000024
1,2580,0.40915000000000024,81,80,16,0.09084999999999976,0.0,0,0.0,0,0,0.0,80,0.0,0.0,0.40915000000000024,9,6,0.0067,0.0335,0.0335,0.37565000000000026
1,2585,0.37565000000000026,75,75,15,0.12434999999999974,0.0,0,0.0,0,0,0.0,85,0.0,0.0,0.37565000000000026,9,6,0.0067,0.0335,0.0335,0.3421500000000003
1,2590,0.3421500000000003,68,65,13,0.1578499999999997,0.0,0,0.0,0,0,0.0,90,0.0,0.0,0.3421500000000003,9,6,0.0067,0.0335,0.0335,0.3086500000000003
1,2595,0.3086500000000003,61,60,12,0.1913499999999997,0.0,0,0.0,0,0,0.0,92,0.0,0.0,0.3086500000000003,9,6,0.0067,0.0335,0.0335,0.27515000000000034
1,2600,0.27515000000000034,55,55,11,0.22484999999999966,0.0,0,0.0,0,0,0.0,95,0.0,0.0,0.27515000000000034,9,6,0.0067,0.0335,0.0335,0.24165000000000034
1,2605,0.24165000000000034,48,45,9,0.25834999999999964,0.0,0,0.0,0,0.25,0.25,95,0.2375,0.012500000000000011,0.4791500000000003,9,6,0.0067,0.0335,0.0335,0.4456500000000003
1,2610,0.4456500000000003,89,85,17,0.054349999999999676,0.0,0,0.0,0,0,0.0,70,0.0,0.0,0.4456500000000003,9,6,0.0067,0.0335,0.0335,0.41215000000000035
1,2615,0.41215000000000035,82,80,16,0.08784999999999965,0.0,0,0.0,0,0,0.0,80,0.0,0.0,0.41215000000000035,9,6,0.0067,0.0335,0.0335,0.3786500000000004
1,2620,0.3786500000000004,75,75,15,0.12134999999999962,0.0,0,0.0,0,0,0.0,85,0.0,0.0,0.3786500000000004,9,6,0.0067,0.0335,0.0335,0.3451500000000004
1,2625,0.3451500000000004,69,65,13,0.1548499999999996,0.0,0,0.0,0,0,0.0,90,0.0,0.0,0.3451500000000004,9,6,0.0067,0.0335,0.0335,0.3116500000000004
1,2630,0.3116500000000004,62,60,12,0.18834999999999957,0.0,0,0.0,0,0,0.0,92,0.0,0.0,0.3116500000000004,9,6,0.0067,0.0335,0.0335,0.27815000000000045
1,2635,0.27815000000000045,55,55,11,0.22184999999999955,0.0,0,0.0,0,0,0.0,95,0.0,0.0,0.27815000000000045,9,6,0.0067,0.0335,0.0335,0.24465000000000045
1,2640,0.24465000000000045,48,45,9,0.2553499999999995,0.0,0,0.0,0,0.25,0.25,95,0.2375,0.012500000000000011,0.4821500000000004,10,6,0.0034,0.016999999999999998,0.016999999999999998,0.4651500000000004
1,2645,0.4651500000000004,93,90,18,0.034849999999999604,0.0,0,0.0,0,0,0.0,60,0.0,0.0,0.4651500000000004,10,6,0.0034,0.016999999999999998,0.016999999999999998,0.4481500000000004
1,2650,0.4481500000000004,89,85,17,0.05184999999999962,0.0,0,0.0,0,0,0.0,70,0.0,0.0,0.4481500000000004,10,6,0.0034,0.016999999999999998,0.016999999999999998,0.43115000000000037
1,2655,0.43115000000000037,86,85,17,0.06884999999999963,0.0,0,0.0,0,0,0.0,70,0.0,0.0,0.43115000000000037,10,6,0.0034,0.016999999999999998,0.016999999999999998,0.41415000000000035
1,2660,0.41415000000000035,82,80,16,0.08584999999999965,0.0,0,0.0,0,0,0.0,80,0.0,0.0,0.41415000000000035,10,6,0.0034,0.016999999999999998,0.016999999999999998,0.39715000000000034
1,2665,0.39715000000000034,79,75,15,0.10284999999999966,0.0,0,0.0,0,0,0.0,85,0.0,0.0,0.39715000000000034,10,6,0.0034,0.016999999999999998,0.016999999999999998,0.3801500000000003
1,2670,0.3801500000000003,76,75,15,0.11984999999999968,0.0,0,0.0,0,0,0.0,85,0.0,0.0,0.3801500000000003,10,6,0.0034,0.016999999999999998,0.016999999999999998,0.3631500000000003
1,2675,0.3631500000000003,72,70,14,0.1368499999999997,0.0,0,0.0,0,0,0.0,88,0.0,0.0,0.3631500000000003,10,6,0.0034,0.016999999999999998,0.016999999999999998,0.3461500000000003
1,2680,0.3461500000000003,69,65,13,0.1538499999999997,0.0,0,0.0,0,0,0.0,90,0.0,0.0,0.3461500000000003,10,6,0.0034,0.016999999999999998,0.016999999999999998,0.3291500000000003
1,2685,0.3291500000000003,65,65,13,0.17084999999999972,0.0,0,0.0,0,0,0.0,90,0.0,0.0,0.3291500000000003,10,6,0.0034,0.016999999999999998,0.016999999999999998,0.31215000000000026
1,2690,0.31215000000000026,62,60,12,0.18784999999999974,0.0,0,0.0,0,0,0.0,92,0.0,0.0,0.31215000000000026,10,6,0.0034,0.016999999999999998,0.016999999999999998,0.29515000000000025
1,2695,0.29515000000000025,59,55,11,0.20484999999999975,0.0,0,0.0,0,0,0.0,95,0.0,0.0,0.29515000000000025,10,6,0.0034,0.016999999999999998,0.016999999999999998,0.27815000000000023
1,2700,0.27815000000000023,55,55,11,0.22184999999999977,0.0,0,0.0,0,0,0.0,95,0.0,0.0,0.27815000000000023,10,6,0.0034,0.016999999999999998,0.016999999999999998,0.2611500000000002
1,2705,0.2611500000000002,52,50,10,0.23884999999999978,0.0,0,0.0,0,0,0.0,95,0.0,0.0,0.2611500000000002,10,6,0.0034,0.016999999999999998,0.016999999999999998,0.24415000000000023
1,2710,0.24415000000000023,48,45,9,0.2558499999999998,0.0,0,0.0,0,0.25,0.25,95,0.2375,0.012500000000000011,0.48165000000000024,10,6,0.0034,0.016999999999999998,0.016999999999999998,0.46465000000000023
1,2715,0.46465000000000023,92,90,18,0.03534999999999977,0.0,0,0.0,0,0,0.0,60,0.0,0.0,0.46465000000000023,10,6,0.0034,0.016999999999999998,0.016999999999999998,0.4476500000000002
1,2720,0.4476500000000002,89,85,17,0.052349999999999786,0.0,0,0.0,0,0,0.0,70,0.0,0.0,0.4476500000000002,10,6,0.0034,0.016999999999999998,0.016999999999999998,0.4306500000000002
1,2725,0.4306500000000002,86,85,17,0.0693499999999998,0.0,0,0.0,0,0,0.0,70,0.0,0.0,0.4306500000000002,10,6,0.0034,0.016999999999999998,0.016999999999999998,0.4136500000000002
1,2730,0.4136500000000002,82,80,16,0.08634999999999982,0.0,0,0.0,0,0,0.0,80,0.0,0.0,0.4136500000000002,10,6,0.0034,0.016999999999999998,0.016999999999999998,0.39665000000000017
1,2735,0.39665000000000017,79,75,15,0.10334999999999983,0.0,0,0.0,0,0,0.0,85,0.0,0.0,0.39665000000000017,10,6,0.0034,0.016999999999999998,0.016999999999999998,0.37965000000000015
1,2740,0.37965000000000015,75,75,15,0.12034999999999985,0.0,0,0.0,0,0,0.0,85,0.0,0.0,0.37965000000000015,10,6,0.0034,0.016999999999999998,0.016999999999999998,0.36265000000000014
1,2745,0.36265000000000014,72,70,14,0.13734999999999986,0.0,0,0.0,0,0,0.0,88,0.0,0.0,0.36265000000000014,10,6,0.0034,0.016999999999999998,0.016999999999999998,0.3456500000000001
1,2750,0.3456500000000001,69,65,13,0.15434999999999988,0.0,0,0.0,0,0,0.0,90,0.0,0.0,0.3456500000000001,10,6,0.0034,0.016999999999999998,0.016999999999999998,0.3286500000000001
1,2755,0.3286500000000001,65,65,13,0.1713499999999999,0.0,0,0.0,0,0,0.0,90,0.0,0.0,0.3286500000000001,10,6,0.0034,0.016999999999999998,0.016999999999999998,0.3116500000000001
1,2760,0.3116500000000001,62,60,12,0.1883499999999999,0.0,0,0.0,0,0,0.0,92,0.0,0.0,0.3116500000000001,11,6,0.0,0.0,0.0,0.3116500000000001
1,2765,0.3116500000000001,62,60,12,0.1883499999999999,0.0,0,0.0,0,0,0.0,92,0.0,0.0,0.3116500000000001,11,6,0.0,0.0,0.0,0.3116500000000001
1,2770,0.3116500000000001,62,60,12,0.1883499999999999,0.0,0,0.0,0,0,0.0,92,0.0,0.0,0.3116500000000001,11,6,0.0,0.0,0.0,0.3116500000000001
1,2775,0.3116500000000001,62,60,12,0.1883499999999999,0.0,0,0.0,0,0,0.0,92,0.0,0.0,0.3116500000000001,11,6,0.0,0.0,0.0,0.3116500000000001
1,2780,0.3116500000000001,62,60,12,0.1883499999999999,0.0,0,0.0,0,0,0.0,92,0.0,0.0,0.3116500000000001,11,6,0.0,0.0,0.0,0.3116500000000001
1,2785,0.3116500000000001,62,60,12,0.1883499999999999,0.0,0,0.0,0,0,0.0,92,0.0,0.0,0.3116500000000001,11,6,0.0,0.0,0.0,0.3116500000000001
1,2790,0.3116500000000001,62,60,12,0.1883499999999999,0.0,0,0.0,0,0,0.0,92,0.0,0.0,0.3116500000000001,11,6,0.0,0.0,0.0,0.3116500000000001
1,2795,0.3116500000000001,62,60,12,0.1883499999999999,0.0,0,0.0,0,0,0.0,92,0.0,0.0,0.3116500000000001,11,6,0.0,0.0,0.0,0.3116500000000001
1,2800,0.3116500000000001,62,60,12,0.1883499999999999,0.0,0,0.0,0,0,0.0,92,0.0,0.0,0.3116500000000001,11,6,0.0,0.0,0.0,0.3116500000000001
1,2805,0.3116500000000001,62,60,12,0.1883499999999999,0.0,0,0.0,0,0,0.0,92,0.0,0.0,0.3116500000000001,11,6,0.0,0.0,0.0,0.3116500000000001
1,2810,0.3116500000000001,62,60,12,0.1883499999999999,0.0,0,0.0,0,0,0.0,92,0.0,0.0,0.3116500000000001,11,6,0.0,0.0,0.0,0.3116500000000001
1,2815,0.3116500000000001,62,60,12,0.1883499999999999,0.0,0,0.0,0,0,0.0,92,0.0,0.0,0.3116500000000001,11,6,0.0,0.0,0.0,0.3116500000000001
1,2820,0.3116500000000001,62,60,12,0.1883499999999999,0.0,0,0.0,0,0,0.0,92,0.0,0.0,0.3116500000000001,11,6,0.0,0.0,0.0,0.3116500000000001
1,2825,0.3116500000000001,62,60,12,0.1883499999999999,0.0,0,0.0,0,0,0.0,92,0.0,0.0,0.3116500000000001,11,6,0.0,0.0,0.0,0.3116500000000001
1,2830,0.3116500000000001,62,60,12,0.1883499999999999,0.0,0,0.0,0,0,0.0,92,0.0,0.0,0.3116500000000001,11,6,0.0,0.0,0.0,0.3116500000000001
1,2835,0.3116500000000001,62,60,12,0.1883499999999999,0.0,0,0.0,0,0,0.0,92,0.0,0.0,0.3116500000000001,11,6,0.0,0.0,0.0,0.3116500000000001
1,2840,0.3116500000000001,62,60,12,0.1883499999999999,0.0,0,0.0,0,0,0.0,92,0.0,0.0,0.3116500000000001,11,6,0.0,0.0,0.0,0.3116500000000001
1,2845,0.3116500000000001,62,60,12,0.1883499999999999,0.0,0,0.0,0,0,0.0,92,0.0,0.0,0.3116500000000001,11,6,0.0,0.0,0.0,0.3116500000000001
1,2850,0.3116500000000001,62,60,12,0.1883499999999999,0.0,0,0.0,0,0,0.0,92,0.0,0.0,0.3116500000000001,11,6,0.0,0.0,0.0,0.3116500000000001
1,2855,0.3116500000000001,62,60,12,0.1883499999999999,0.0,0,0.0,0,0,0.0,92,0.0,0.0,0.3116500000000001,11,6,0.0,0.0,0.0,0.3116500000000001
1,2860,0.3116500000000001,62,60,12,0.1883499999999999,0.0,0,0.0,0,0,0.0,92,0.0,0.0,0.3116500000000001,11,6,0.0,0.0,0.0,0.3116500000000001
1,2865,0.3116500000000001,62,60,12,0.1883499999999999,0.0,0,0.0,0,0,0.0,92,0.0,0.0,0.3116500000000001,11,6,0.0,0.0,0.0,0.3116500000000001
1,2870,0.3116500000000001,62,60,12,0.1883499999999999,0.0,0,0.0,0,0,0.0,92,0.0,0.0,0.3116500000000001,11,6,0.0,0.0,0.0,0.3116500000000001
1,2875,0.3116500000000001,62,60,12,0.1883499999999999,0.0,0,0.0,0,0,0.0,92,0.0,0.0,0.3116500000000001,11,6,0.0,0.0,0.0,0.3116500000000001
